ticker,Expiry,Data,Moneyness,IV,source_file
AAPL,1/17/2025,23/01/2024,0.5,0.365974,AAPL_iv_surface.csv
AAPL,1/17/2025,23/01/2024,0.51,0.361566871,AAPL_iv_surface.csv
AAPL,1/17/2025,23/01/2024,0.52,0.357233643,AAPL_iv_surface.csv
AAPL,1/17/2025,23/01/2024,0.53,0.352976956,AAPL_iv_surface.csv
AAPL,1/17/2025,23/01/2024,0.54,0.348799449,AAPL_iv_surface.csv
AAPL,1/17/2025,23/01/2024,0.55,0.344703762,AAPL_iv_surface.csv
AAPL,1/17/2025,23/01/2024,0.56,0.340692992,AAPL_iv_surface.csv
AAPL,1/17/2025,23/01/2024,0.57,0.336770576,AAPL_iv_surface.csv
AAPL,1/17/2025,23/01/2024,0.58,0.332939043,AAPL_iv_surface.csv
AAPL,1/17/2025,23/01/2024,0.59,0.329199549,AAPL_iv_surface.csv
AAPL,1/17/2025,23/01/2024,0.6,0.325551599,AAPL_iv_surface.csv
AAPL,1/17/2025,23/01/2024,0.61,0.32199295,AAPL_iv_surface.csv
AAPL,1/17/2025,23/01/2024,0.62,0.318519715,AAPL_iv_surface.csv
AAPL,1/17/2025,23/01/2024,0.63,0.315126645,AAPL_iv_surface.csv
AAPL,1/17/2025,23/01/2024,0.64,0.311807607,AAPL_iv_surface.csv
AAPL,1/17/2025,23/01/2024,0.65,0.308556245,AAPL_iv_surface.csv
AAPL,1/17/2025,23/01/2024,0.66,0.305365892,AAPL_iv_surface.csv
AAPL,1/17/2025,23/01/2024,0.67,0.302230517,AAPL_iv_surface.csv
AAPL,1/17/2025,23/01/2024,0.68,0.299145916,AAPL_iv_surface.csv
AAPL,1/17/2025,23/01/2024,0.69,0.296109598,AAPL_iv_surface.csv
AAPL,1/17/2025,23/01/2024,0.7,0.293120392,AAPL_iv_surface.csv
AAPL,1/17/2025,23/01/2024,0.71,0.290178014,AAPL_iv_surface.csv
AAPL,1/17/2025,23/01/2024,0.72,0.287282579,AAPL_iv_surface.csv
AAPL,1/17/2025,23/01/2024,0.73,0.284434077,AAPL_iv_surface.csv
AAPL,1/17/2025,23/01/2024,0.74,0.281631793,AAPL_iv_surface.csv
AAPL,1/17/2025,23/01/2024,0.75,0.278873688,AAPL_iv_surface.csv
AAPL,1/17/2025,23/01/2024,0.76,0.276155172,AAPL_iv_surface.csv
AAPL,1/17/2025,23/01/2024,0.77,0.273471353,AAPL_iv_surface.csv
AAPL,1/17/2025,23/01/2024,0.78,0.270819436,AAPL_iv_surface.csv
AAPL,1/17/2025,23/01/2024,0.79,0.268197708,AAPL_iv_surface.csv
AAPL,1/17/2025,23/01/2024,0.8,0.265605361,AAPL_iv_surface.csv
AAPL,1/17/2025,23/01/2024,0.81,0.263042269,AAPL_iv_surface.csv
AAPL,1/17/2025,23/01/2024,0.82,0.260508714,AAPL_iv_surface.csv
AAPL,1/17/2025,23/01/2024,0.83,0.258005068,AAPL_iv_surface.csv
AAPL,1/17/2025,23/01/2024,0.84,0.25553143,AAPL_iv_surface.csv
AAPL,1/17/2025,23/01/2024,0.85,0.253087211,AAPL_iv_surface.csv
AAPL,1/17/2025,23/01/2024,0.86,0.250669947,AAPL_iv_surface.csv
AAPL,1/17/2025,23/01/2024,0.87,0.248277305,AAPL_iv_surface.csv
AAPL,1/17/2025,23/01/2024,0.88,0.245909126,AAPL_iv_surface.csv
AAPL,1/17/2025,23/01/2024,0.89,0.243566216,AAPL_iv_surface.csv
AAPL,1/17/2025,23/01/2024,0.9,0.241249724,AAPL_iv_surface.csv
AAPL,1/17/2025,23/01/2024,0.91,0.238960586,AAPL_iv_surface.csv
AAPL,1/17/2025,23/01/2024,0.92,0.236699062,AAPL_iv_surface.csv
AAPL,1/17/2025,23/01/2024,0.93,0.234464337,AAPL_iv_surface.csv
AAPL,1/17/2025,23/01/2024,0.94,0.232254208,AAPL_iv_surface.csv
AAPL,1/17/2025,23/01/2024,0.95,0.230064848,AAPL_iv_surface.csv
AAPL,1/17/2025,23/01/2024,0.96,0.227893318,AAPL_iv_surface.csv
AAPL,1/17/2025,23/01/2024,0.97,0.225734209,AAPL_iv_surface.csv
AAPL,1/17/2025,23/01/2024,0.98,0.223576549,AAPL_iv_surface.csv
AAPL,1/17/2025,23/01/2024,0.99,0.22140731,AAPL_iv_surface.csv
AAPL,1/17/2025,23/01/2024,1,0.219215004,AAPL_iv_surface.csv
AAPL,1/17/2025,23/01/2024,1.01,0.216992519,AAPL_iv_surface.csv
AAPL,1/17/2025,23/01/2024,1.02,0.214739236,AAPL_iv_surface.csv
AAPL,1/17/2025,23/01/2024,1.03,0.21246238,AAPL_iv_surface.csv
AAPL,1/17/2025,23/01/2024,1.04,0.210177645,AAPL_iv_surface.csv
AAPL,1/17/2025,23/01/2024,1.05,0.207909066,AAPL_iv_surface.csv
AAPL,1/17/2025,23/01/2024,1.06,0.205693747,AAPL_iv_surface.csv
AAPL,1/17/2025,23/01/2024,1.07,0.20356804,AAPL_iv_surface.csv
AAPL,1/17/2025,23/01/2024,1.08,0.201552698,AAPL_iv_surface.csv
AAPL,1/17/2025,23/01/2024,1.09,0.199657084,AAPL_iv_surface.csv
AAPL,1/17/2025,23/01/2024,1.1,0.197880459,AAPL_iv_surface.csv
AAPL,1/17/2025,23/01/2024,1.11,0.196213908,AAPL_iv_surface.csv
AAPL,1/17/2025,23/01/2024,1.12,0.194642911,AAPL_iv_surface.csv
AAPL,1/17/2025,23/01/2024,1.13,0.193150559,AAPL_iv_surface.csv
AAPL,1/17/2025,23/01/2024,1.14,0.191721402,AAPL_iv_surface.csv
AAPL,1/17/2025,23/01/2024,1.15,0.190345947,AAPL_iv_surface.csv
AAPL,1/17/2025,23/01/2024,1.16,0.189027712,AAPL_iv_surface.csv
AAPL,1/17/2025,23/01/2024,1.17,0.187771966,AAPL_iv_surface.csv
AAPL,1/17/2025,23/01/2024,1.18,0.186574783,AAPL_iv_surface.csv
AAPL,1/17/2025,23/01/2024,1.19,0.185429731,AAPL_iv_surface.csv
AAPL,1/17/2025,23/01/2024,1.2,0.184329547,AAPL_iv_surface.csv
AAPL,1/17/2025,23/01/2024,1.21,0.183267586,AAPL_iv_surface.csv
AAPL,1/17/2025,23/01/2024,1.22,0.182239062,AAPL_iv_surface.csv
AAPL,1/17/2025,23/01/2024,1.23,0.181242077,AAPL_iv_surface.csv
AAPL,1/17/2025,23/01/2024,1.24,0.180278435,AAPL_iv_surface.csv
AAPL,1/17/2025,23/01/2024,1.25,0.179354243,AAPL_iv_surface.csv
AAPL,1/17/2025,23/01/2024,1.26,0.178484974,AAPL_iv_surface.csv
AAPL,1/17/2025,23/01/2024,1.27,0.177684661,AAPL_iv_surface.csv
AAPL,1/17/2025,23/01/2024,1.28,0.176954705,AAPL_iv_surface.csv
AAPL,1/17/2025,23/01/2024,1.29,0.176289135,AAPL_iv_surface.csv
AAPL,1/17/2025,23/01/2024,1.3,0.175677555,AAPL_iv_surface.csv
AAPL,1/17/2025,23/01/2024,1.31,0.175107979,AAPL_iv_surface.csv
AAPL,1/17/2025,23/01/2024,1.32,0.17456953,AAPL_iv_surface.csv
AAPL,1/17/2025,23/01/2024,1.33,0.174055015,AAPL_iv_surface.csv
AAPL,1/17/2025,23/01/2024,1.34,0.173563372,AAPL_iv_surface.csv
AAPL,1/17/2025,23/01/2024,1.35,0.17310199,AAPL_iv_surface.csv
AAPL,1/17/2025,23/01/2024,1.36,0.172693855,AAPL_iv_surface.csv
AAPL,1/17/2025,23/01/2024,1.37,0.17236202,AAPL_iv_surface.csv
AAPL,1/17/2025,23/01/2024,1.38,0.172113818,AAPL_iv_surface.csv
AAPL,1/17/2025,23/01/2024,1.39,0.171947784,AAPL_iv_surface.csv
AAPL,1/17/2025,23/01/2024,1.4,0.171855923,AAPL_iv_surface.csv
AAPL,1/17/2025,23/01/2024,1.41,0.171826156,AAPL_iv_surface.csv
AAPL,1/17/2025,23/01/2024,1.42,0.171844927,AAPL_iv_surface.csv
AAPL,1/17/2025,23/01/2024,1.43,0.171899979,AAPL_iv_surface.csv
AAPL,1/17/2025,23/01/2024,1.44,0.171983301,AAPL_iv_surface.csv
AAPL,1/17/2025,23/01/2024,1.45,0.17209425,AAPL_iv_surface.csv
AAPL,1/17/2025,23/01/2024,1.46,0.172242832,AAPL_iv_surface.csv
AAPL,1/17/2025,23/01/2024,1.47,0.172440646,AAPL_iv_surface.csv
AAPL,1/17/2025,23/01/2024,1.48,0.172694544,AAPL_iv_surface.csv
AAPL,1/17/2025,23/01/2024,1.49,0.173011378,AAPL_iv_surface.csv
AAPL,1/17/2025,23/01/2024,1.5,0.173398,AAPL_iv_surface.csv
AAPL,1/17/2025,19/07/2024,0.5,0.393741,AAPL_iv_surface.csv
AAPL,1/17/2025,19/07/2024,0.51,0.386183809,AAPL_iv_surface.csv
AAPL,1/17/2025,19/07/2024,0.52,0.378864286,AAPL_iv_surface.csv
AAPL,1/17/2025,19/07/2024,0.53,0.371815055,AAPL_iv_surface.csv
AAPL,1/17/2025,19/07/2024,0.54,0.365068739,AAPL_iv_surface.csv
AAPL,1/17/2025,19/07/2024,0.55,0.358657962,AAPL_iv_surface.csv
AAPL,1/17/2025,19/07/2024,0.56,0.352623818,AAPL_iv_surface.csv
AAPL,1/17/2025,19/07/2024,0.57,0.347009631,AAPL_iv_surface.csv
AAPL,1/17/2025,19/07/2024,0.58,0.341840988,AAPL_iv_surface.csv
AAPL,1/17/2025,19/07/2024,0.59,0.337123505,AAPL_iv_surface.csv
AAPL,1/17/2025,19/07/2024,0.6,0.332842396,AAPL_iv_surface.csv
AAPL,1/17/2025,19/07/2024,0.61,0.328963863,AAPL_iv_surface.csv
AAPL,1/17/2025,19/07/2024,0.62,0.325438286,AAPL_iv_surface.csv
AAPL,1/17/2025,19/07/2024,0.63,0.322205236,AAPL_iv_surface.csv
AAPL,1/17/2025,19/07/2024,0.64,0.319200289,AAPL_iv_surface.csv
AAPL,1/17/2025,19/07/2024,0.65,0.31636366,AAPL_iv_surface.csv
AAPL,1/17/2025,19/07/2024,0.66,0.313645005,AAPL_iv_surface.csv
AAPL,1/17/2025,19/07/2024,0.67,0.310998386,AAPL_iv_surface.csv
AAPL,1/17/2025,19/07/2024,0.68,0.30838336,AAPL_iv_surface.csv
AAPL,1/17/2025,19/07/2024,0.69,0.30577282,AAPL_iv_surface.csv
AAPL,1/17/2025,19/07/2024,0.7,0.30315332,AAPL_iv_surface.csv
AAPL,1/17/2025,19/07/2024,0.71,0.300524178,AAPL_iv_surface.csv
AAPL,1/17/2025,19/07/2024,0.72,0.297895362,AAPL_iv_surface.csv
AAPL,1/17/2025,19/07/2024,0.73,0.295284155,AAPL_iv_surface.csv
AAPL,1/17/2025,19/07/2024,0.74,0.292710601,AAPL_iv_surface.csv
AAPL,1/17/2025,19/07/2024,0.75,0.290191733,AAPL_iv_surface.csv
AAPL,1/17/2025,19/07/2024,0.76,0.287735828,AAPL_iv_surface.csv
AAPL,1/17/2025,19/07/2024,0.77,0.285347549,AAPL_iv_surface.csv
AAPL,1/17/2025,19/07/2024,0.78,0.283033117,AAPL_iv_surface.csv
AAPL,1/17/2025,19/07/2024,0.79,0.280795779,AAPL_iv_surface.csv
AAPL,1/17/2025,19/07/2024,0.8,0.278635708,AAPL_iv_surface.csv
AAPL,1/17/2025,19/07/2024,0.81,0.276550192,AAPL_iv_surface.csv
AAPL,1/17/2025,19/07/2024,0.82,0.274534098,AAPL_iv_surface.csv
AAPL,1/17/2025,19/07/2024,0.83,0.272580609,AAPL_iv_surface.csv
AAPL,1/17/2025,19/07/2024,0.84,0.270682246,AAPL_iv_surface.csv
AAPL,1/17/2025,19/07/2024,0.85,0.26883216,AAPL_iv_surface.csv
AAPL,1/17/2025,19/07/2024,0.86,0.267025807,AAPL_iv_surface.csv
AAPL,1/17/2025,19/07/2024,0.87,0.26525901,AAPL_iv_surface.csv
AAPL,1/17/2025,19/07/2024,0.88,0.263526325,AAPL_iv_surface.csv
AAPL,1/17/2025,19/07/2024,0.89,0.261822812,AAPL_iv_surface.csv
AAPL,1/17/2025,19/07/2024,0.9,0.260144685,AAPL_iv_surface.csv
AAPL,1/17/2025,19/07/2024,0.91,0.258489753,AAPL_iv_surface.csv
AAPL,1/17/2025,19/07/2024,0.92,0.256857651,AAPL_iv_surface.csv
AAPL,1/17/2025,19/07/2024,0.93,0.25524986,AAPL_iv_surface.csv
AAPL,1/17/2025,19/07/2024,0.94,0.253669522,AAPL_iv_surface.csv
AAPL,1/17/2025,19/07/2024,0.95,0.252121042,AAPL_iv_surface.csv
AAPL,1/17/2025,19/07/2024,0.96,0.250614336,AAPL_iv_surface.csv
AAPL,1/17/2025,19/07/2024,0.97,0.249156283,AAPL_iv_surface.csv
AAPL,1/17/2025,19/07/2024,0.98,0.247742281,AAPL_iv_surface.csv
AAPL,1/17/2025,19/07/2024,0.99,0.246361544,AAPL_iv_surface.csv
AAPL,1/17/2025,19/07/2024,1,0.245001455,AAPL_iv_surface.csv
AAPL,1/17/2025,19/07/2024,1.01,0.243651343,AAPL_iv_surface.csv
AAPL,1/17/2025,19/07/2024,1.02,0.242305662,AAPL_iv_surface.csv
AAPL,1/17/2025,19/07/2024,1.03,0.240966591,AAPL_iv_surface.csv
AAPL,1/17/2025,19/07/2024,1.04,0.239646039,AAPL_iv_surface.csv
AAPL,1/17/2025,19/07/2024,1.05,0.238367072,AAPL_iv_surface.csv
AAPL,1/17/2025,19/07/2024,1.06,0.237174272,AAPL_iv_surface.csv
AAPL,1/17/2025,19/07/2024,1.07,0.236111057,AAPL_iv_surface.csv
AAPL,1/17/2025,19/07/2024,1.08,0.235194424,AAPL_iv_surface.csv
AAPL,1/17/2025,19/07/2024,1.09,0.234423828,AAPL_iv_surface.csv
AAPL,1/17/2025,19/07/2024,1.1,0.233785014,AAPL_iv_surface.csv
AAPL,1/17/2025,19/07/2024,1.11,0.233254369,AAPL_iv_surface.csv
AAPL,1/17/2025,19/07/2024,1.12,0.232803783,AAPL_iv_surface.csv
AAPL,1/17/2025,19/07/2024,1.13,0.232406033,AAPL_iv_surface.csv
AAPL,1/17/2025,19/07/2024,1.14,0.23204067,AAPL_iv_surface.csv
AAPL,1/17/2025,19/07/2024,1.15,0.231700434,AAPL_iv_surface.csv
AAPL,1/17/2025,19/07/2024,1.16,0.231394888,AAPL_iv_surface.csv
AAPL,1/17/2025,19/07/2024,1.17,0.23113943,AAPL_iv_surface.csv
AAPL,1/17/2025,19/07/2024,1.18,0.230948242,AAPL_iv_surface.csv
AAPL,1/17/2025,19/07/2024,1.19,0.230838886,AAPL_iv_surface.csv
AAPL,1/17/2025,19/07/2024,1.2,0.23082865,AAPL_iv_surface.csv
AAPL,1/17/2025,19/07/2024,1.21,0.230931536,AAPL_iv_surface.csv
AAPL,1/17/2025,19/07/2024,1.22,0.231155893,AAPL_iv_surface.csv
AAPL,1/17/2025,19/07/2024,1.23,0.231502699,AAPL_iv_surface.csv
AAPL,1/17/2025,19/07/2024,1.24,0.231964497,AAPL_iv_surface.csv
AAPL,1/17/2025,19/07/2024,1.25,0.232524961,AAPL_iv_surface.csv
AAPL,1/17/2025,19/07/2024,1.26,0.233152865,AAPL_iv_surface.csv
AAPL,1/17/2025,19/07/2024,1.27,0.233818637,AAPL_iv_surface.csv
AAPL,1/17/2025,19/07/2024,1.28,0.234510581,AAPL_iv_surface.csv
AAPL,1/17/2025,19/07/2024,1.29,0.235228048,AAPL_iv_surface.csv
AAPL,1/17/2025,19/07/2024,1.3,0.235978483,AAPL_iv_surface.csv
AAPL,1/17/2025,19/07/2024,1.31,0.23677428,AAPL_iv_surface.csv
AAPL,1/17/2025,19/07/2024,1.32,0.237629461,AAPL_iv_surface.csv
AAPL,1/17/2025,19/07/2024,1.33,0.238556164,AAPL_iv_surface.csv
AAPL,1/17/2025,19/07/2024,1.34,0.239560937,AAPL_iv_surface.csv
AAPL,1/17/2025,19/07/2024,1.35,0.240640864,AAPL_iv_surface.csv
AAPL,1/17/2025,19/07/2024,1.36,0.241776889,AAPL_iv_surface.csv
AAPL,1/17/2025,19/07/2024,1.37,0.242948054,AAPL_iv_surface.csv
AAPL,1/17/2025,19/07/2024,1.38,0.244145058,AAPL_iv_surface.csv
AAPL,1/17/2025,19/07/2024,1.39,0.245363731,AAPL_iv_surface.csv
AAPL,1/17/2025,19/07/2024,1.4,0.246604296,AAPL_iv_surface.csv
AAPL,1/17/2025,19/07/2024,1.41,0.24787038,AAPL_iv_surface.csv
AAPL,1/17/2025,19/07/2024,1.42,0.249167784,AAPL_iv_surface.csv
AAPL,1/17/2025,19/07/2024,1.43,0.250502997,AAPL_iv_surface.csv
AAPL,1/17/2025,19/07/2024,1.44,0.251881466,AAPL_iv_surface.csv
AAPL,1/17/2025,19/07/2024,1.45,0.253305612,AAPL_iv_surface.csv
AAPL,1/17/2025,19/07/2024,1.46,0.254772606,AAPL_iv_surface.csv
AAPL,1/17/2025,19/07/2024,1.47,0.256278447,AAPL_iv_surface.csv
AAPL,1/17/2025,19/07/2024,1.48,0.257821429,AAPL_iv_surface.csv
AAPL,1/17/2025,19/07/2024,1.49,0.259399848,AAPL_iv_surface.csv
AAPL,1/17/2025,19/07/2024,1.5,0.261012,AAPL_iv_surface.csv
AAPL,1/17/2025,18/10/2024,0.5,0.561396,AAPL_iv_surface.csv
AAPL,1/17/2025,18/10/2024,0.51,0.551470195,AAPL_iv_surface.csv
AAPL,1/17/2025,18/10/2024,0.52,0.541617901,AAPL_iv_surface.csv
AAPL,1/17/2025,18/10/2024,0.53,0.531840053,AAPL_iv_surface.csv
AAPL,1/17/2025,18/10/2024,0.54,0.522137584,AAPL_iv_surface.csv
AAPL,1/17/2025,18/10/2024,0.55,0.512511426,AAPL_iv_surface.csv
AAPL,1/17/2025,18/10/2024,0.56,0.502965771,AAPL_iv_surface.csv
AAPL,1/17/2025,18/10/2024,0.57,0.493502777,AAPL_iv_surface.csv
AAPL,1/17/2025,18/10/2024,0.58,0.484117067,AAPL_iv_surface.csv
AAPL,1/17/2025,18/10/2024,0.59,0.474799474,AAPL_iv_surface.csv
AAPL,1/17/2025,18/10/2024,0.6,0.465540285,AAPL_iv_surface.csv
AAPL,1/17/2025,18/10/2024,0.61,0.456331977,AAPL_iv_surface.csv
AAPL,1/17/2025,18/10/2024,0.62,0.447171447,AAPL_iv_surface.csv
AAPL,1/17/2025,18/10/2024,0.63,0.438061736,AAPL_iv_surface.csv
AAPL,1/17/2025,18/10/2024,0.64,0.429013248,AAPL_iv_surface.csv
AAPL,1/17/2025,18/10/2024,0.65,0.420044462,AAPL_iv_surface.csv
AAPL,1/17/2025,18/10/2024,0.66,0.411192398,AAPL_iv_surface.csv
AAPL,1/17/2025,18/10/2024,0.67,0.402489946,AAPL_iv_surface.csv
AAPL,1/17/2025,18/10/2024,0.68,0.393942995,AAPL_iv_surface.csv
AAPL,1/17/2025,18/10/2024,0.69,0.385542107,AAPL_iv_surface.csv
AAPL,1/17/2025,18/10/2024,0.7,0.377269773,AAPL_iv_surface.csv
AAPL,1/17/2025,18/10/2024,0.71,0.369107123,AAPL_iv_surface.csv
AAPL,1/17/2025,18/10/2024,0.72,0.361040084,AAPL_iv_surface.csv
AAPL,1/17/2025,18/10/2024,0.73,0.353064989,AAPL_iv_surface.csv
AAPL,1/17/2025,18/10/2024,0.74,0.345193642,AAPL_iv_surface.csv
AAPL,1/17/2025,18/10/2024,0.75,0.337457824,AAPL_iv_surface.csv
AAPL,1/17/2025,18/10/2024,0.76,0.32992775,AAPL_iv_surface.csv
AAPL,1/17/2025,18/10/2024,0.77,0.32267237,AAPL_iv_surface.csv
AAPL,1/17/2025,18/10/2024,0.78,0.315717743,AAPL_iv_surface.csv
AAPL,1/17/2025,18/10/2024,0.79,0.309064504,AAPL_iv_surface.csv
AAPL,1/17/2025,18/10/2024,0.8,0.302694791,AAPL_iv_surface.csv
AAPL,1/17/2025,18/10/2024,0.81,0.296579582,AAPL_iv_surface.csv
AAPL,1/17/2025,18/10/2024,0.82,0.290686412,AAPL_iv_surface.csv
AAPL,1/17/2025,18/10/2024,0.83,0.284987493,AAPL_iv_surface.csv
AAPL,1/17/2025,18/10/2024,0.84,0.279468221,AAPL_iv_surface.csv
AAPL,1/17/2025,18/10/2024,0.85,0.274136085,AAPL_iv_surface.csv
AAPL,1/17/2025,18/10/2024,0.86,0.269038127,AAPL_iv_surface.csv
AAPL,1/17/2025,18/10/2024,0.87,0.264226187,AAPL_iv_surface.csv
AAPL,1/17/2025,18/10/2024,0.88,0.259720546,AAPL_iv_surface.csv
AAPL,1/17/2025,18/10/2024,0.89,0.255524656,AAPL_iv_surface.csv
AAPL,1/17/2025,18/10/2024,0.9,0.25162686,AAPL_iv_surface.csv
AAPL,1/17/2025,18/10/2024,0.91,0.248003096,AAPL_iv_surface.csv
AAPL,1/17/2025,18/10/2024,0.92,0.244620602,AAPL_iv_surface.csv
AAPL,1/17/2025,18/10/2024,0.93,0.24144262,AAPL_iv_surface.csv
AAPL,1/17/2025,18/10/2024,0.94,0.238434092,AAPL_iv_surface.csv
AAPL,1/17/2025,18/10/2024,0.95,0.235568352,AAPL_iv_surface.csv
AAPL,1/17/2025,18/10/2024,0.96,0.232842456,AAPL_iv_surface.csv
AAPL,1/17/2025,18/10/2024,0.97,0.230251359,AAPL_iv_surface.csv
AAPL,1/17/2025,18/10/2024,0.98,0.227764986,AAPL_iv_surface.csv
AAPL,1/17/2025,18/10/2024,0.99,0.225346357,AAPL_iv_surface.csv
AAPL,1/17/2025,18/10/2024,1,0.222960933,AAPL_iv_surface.csv
AAPL,1/17/2025,18/10/2024,1.01,0.220584163,AAPL_iv_surface.csv
AAPL,1/17/2025,18/10/2024,1.02,0.218207237,AAPL_iv_surface.csv
AAPL,1/17/2025,18/10/2024,1.03,0.215841025,AAPL_iv_surface.csv
AAPL,1/17/2025,18/10/2024,1.04,0.213518218,AAPL_iv_surface.csv
AAPL,1/17/2025,18/10/2024,1.05,0.211293675,AAPL_iv_surface.csv
AAPL,1/17/2025,18/10/2024,1.06,0.209263794,AAPL_iv_surface.csv
AAPL,1/17/2025,18/10/2024,1.07,0.207521274,AAPL_iv_surface.csv
AAPL,1/17/2025,18/10/2024,1.08,0.206103545,AAPL_iv_surface.csv
AAPL,1/17/2025,18/10/2024,1.09,0.205008749,AAPL_iv_surface.csv
AAPL,1/17/2025,18/10/2024,1.1,0.204203325,AAPL_iv_surface.csv
AAPL,1/17/2025,18/10/2024,1.11,0.203630998,AAPL_iv_surface.csv
AAPL,1/17/2025,18/10/2024,1.12,0.203223188,AAPL_iv_surface.csv
AAPL,1/17/2025,18/10/2024,1.13,0.20291082,AAPL_iv_surface.csv
AAPL,1/17/2025,18/10/2024,1.14,0.202637543,AAPL_iv_surface.csv
AAPL,1/17/2025,18/10/2024,1.15,0.202374364,AAPL_iv_surface.csv
AAPL,1/17/2025,18/10/2024,1.16,0.202125528,AAPL_iv_surface.csv
AAPL,1/17/2025,18/10/2024,1.17,0.201908077,AAPL_iv_surface.csv
AAPL,1/17/2025,18/10/2024,1.18,0.201743005,AAPL_iv_surface.csv
AAPL,1/17/2025,18/10/2024,1.19,0.201665425,AAPL_iv_surface.csv
AAPL,1/17/2025,18/10/2024,1.2,0.201716457,AAPL_iv_surface.csv
AAPL,1/17/2025,18/10/2024,1.21,0.201935993,AAPL_iv_surface.csv
AAPL,1/17/2025,18/10/2024,1.22,0.202356325,AAPL_iv_surface.csv
AAPL,1/17/2025,18/10/2024,1.23,0.202996646,AAPL_iv_surface.csv
AAPL,1/17/2025,18/10/2024,1.24,0.20385842,AAPL_iv_surface.csv
AAPL,1/17/2025,18/10/2024,1.25,0.204921625,AAPL_iv_surface.csv
AAPL,1/17/2025,18/10/2024,1.26,0.20611969,AAPL_iv_surface.csv
AAPL,1/17/2025,18/10/2024,1.27,0.207393881,AAPL_iv_surface.csv
AAPL,1/17/2025,18/10/2024,1.28,0.208746697,AAPL_iv_surface.csv
AAPL,1/17/2025,18/10/2024,1.29,0.210213542,AAPL_iv_surface.csv
AAPL,1/17/2025,18/10/2024,1.3,0.211846855,AAPL_iv_surface.csv
AAPL,1/17/2025,18/10/2024,1.31,0.213701497,AAPL_iv_surface.csv
AAPL,1/17/2025,18/10/2024,1.32,0.215821384,AAPL_iv_surface.csv
AAPL,1/17/2025,18/10/2024,1.33,0.21822738,AAPL_iv_surface.csv
AAPL,1/17/2025,18/10/2024,1.34,0.220906439,AAPL_iv_surface.csv
AAPL,1/17/2025,18/10/2024,1.35,0.223802002,AAPL_iv_surface.csv
AAPL,1/17/2025,18/10/2024,1.36,0.226791363,AAPL_iv_surface.csv
AAPL,1/17/2025,18/10/2024,1.37,0.229747679,AAPL_iv_surface.csv
AAPL,1/17/2025,18/10/2024,1.38,0.232598321,AAPL_iv_surface.csv
AAPL,1/17/2025,18/10/2024,1.39,0.235300916,AAPL_iv_surface.csv
AAPL,1/17/2025,18/10/2024,1.4,0.237841078,AAPL_iv_surface.csv
AAPL,1/17/2025,18/10/2024,1.41,0.240228137,AAPL_iv_surface.csv
AAPL,1/17/2025,18/10/2024,1.42,0.242488868,AAPL_iv_surface.csv
AAPL,1/17/2025,18/10/2024,1.43,0.24465923,AAPL_iv_surface.csv
AAPL,1/17/2025,18/10/2024,1.44,0.246774096,AAPL_iv_surface.csv
AAPL,1/17/2025,18/10/2024,1.45,0.248854998,AAPL_iv_surface.csv
AAPL,1/17/2025,18/10/2024,1.46,0.250895863,AAPL_iv_surface.csv
AAPL,1/17/2025,18/10/2024,1.47,0.252882851,AAPL_iv_surface.csv
AAPL,1/17/2025,18/10/2024,1.48,0.254814008,AAPL_iv_surface.csv
AAPL,1/17/2025,18/10/2024,1.49,0.256687376,AAPL_iv_surface.csv
AAPL,1/17/2025,18/10/2024,1.5,0.258501,AAPL_iv_surface.csv
AAPL,1/17/2025,18/12/2024,0.5,0.851742,AAPL_iv_surface.csv
AAPL,1/17/2025,18/12/2024,0.51,0.840418627,AAPL_iv_surface.csv
AAPL,1/17/2025,18/12/2024,0.52,0.828807542,AAPL_iv_surface.csv
AAPL,1/17/2025,18/12/2024,0.53,0.816916592,AAPL_iv_surface.csv
AAPL,1/17/2025,18/12/2024,0.54,0.804753625,AAPL_iv_surface.csv
AAPL,1/17/2025,18/12/2024,0.55,0.792326491,AAPL_iv_surface.csv
AAPL,1/17/2025,18/12/2024,0.56,0.779658229,AAPL_iv_surface.csv
AAPL,1/17/2025,18/12/2024,0.57,0.76676328,AAPL_iv_surface.csv
AAPL,1/17/2025,18/12/2024,0.58,0.753621128,AAPL_iv_surface.csv
AAPL,1/17/2025,18/12/2024,0.59,0.740192405,AAPL_iv_surface.csv
AAPL,1/17/2025,18/12/2024,0.6,0.726432998,AAPL_iv_surface.csv
AAPL,1/17/2025,18/12/2024,0.61,0.712306153,AAPL_iv_surface.csv
AAPL,1/17/2025,18/12/2024,0.62,0.697792587,AAPL_iv_surface.csv
AAPL,1/17/2025,18/12/2024,0.63,0.682898587,AAPL_iv_surface.csv
AAPL,1/17/2025,18/12/2024,0.64,0.667662122,AAPL_iv_surface.csv
AAPL,1/17/2025,18/12/2024,0.65,0.652156945,AAPL_iv_surface.csv
AAPL,1/17/2025,18/12/2024,0.66,0.636514059,AAPL_iv_surface.csv
AAPL,1/17/2025,18/12/2024,0.67,0.620862268,AAPL_iv_surface.csv
AAPL,1/17/2025,18/12/2024,0.68,0.605270528,AAPL_iv_surface.csv
AAPL,1/17/2025,18/12/2024,0.69,0.589771431,AAPL_iv_surface.csv
AAPL,1/17/2025,18/12/2024,0.7,0.574368372,AAPL_iv_surface.csv
AAPL,1/17/2025,18/12/2024,0.71,0.559043973,AAPL_iv_surface.csv
AAPL,1/17/2025,18/12/2024,0.72,0.543769789,AAPL_iv_surface.csv
AAPL,1/17/2025,18/12/2024,0.73,0.528517263,AAPL_iv_surface.csv
AAPL,1/17/2025,18/12/2024,0.74,0.513269971,AAPL_iv_surface.csv
AAPL,1/17/2025,18/12/2024,0.75,0.498037113,AAPL_iv_surface.csv
AAPL,1/17/2025,18/12/2024,0.76,0.482900103,AAPL_iv_surface.csv
AAPL,1/17/2025,18/12/2024,0.77,0.4679309,AAPL_iv_surface.csv
AAPL,1/17/2025,18/12/2024,0.78,0.453110681,AAPL_iv_surface.csv
AAPL,1/17/2025,18/12/2024,0.79,0.438379728,AAPL_iv_surface.csv
AAPL,1/17/2025,18/12/2024,0.8,0.423665729,AAPL_iv_surface.csv
AAPL,1/17/2025,18/12/2024,0.81,0.408908327,AAPL_iv_surface.csv
AAPL,1/17/2025,18/12/2024,0.82,0.394079923,AAPL_iv_surface.csv
AAPL,1/17/2025,18/12/2024,0.83,0.379202718,AAPL_iv_surface.csv
AAPL,1/17/2025,18/12/2024,0.84,0.364362019,AAPL_iv_surface.csv
AAPL,1/17/2025,18/12/2024,0.85,0.349715781,AAPL_iv_surface.csv
AAPL,1/17/2025,18/12/2024,0.86,0.335579268,AAPL_iv_surface.csv
AAPL,1/17/2025,18/12/2024,0.87,0.322244715,AAPL_iv_surface.csv
AAPL,1/17/2025,18/12/2024,0.88,0.309791948,AAPL_iv_surface.csv
AAPL,1/17/2025,18/12/2024,0.89,0.298173926,AAPL_iv_surface.csv
AAPL,1/17/2025,18/12/2024,0.9,0.287264557,AAPL_iv_surface.csv
AAPL,1/17/2025,18/12/2024,0.91,0.276905095,AAPL_iv_surface.csv
AAPL,1/17/2025,18/12/2024,0.92,0.26694913,AAPL_iv_surface.csv
AAPL,1/17/2025,18/12/2024,0.93,0.257306169,AAPL_iv_surface.csv
AAPL,1/17/2025,18/12/2024,0.94,0.247983793,AAPL_iv_surface.csv
AAPL,1/17/2025,18/12/2024,0.95,0.239128412,AAPL_iv_surface.csv
AAPL,1/17/2025,18/12/2024,0.96,0.23115639,AAPL_iv_surface.csv
AAPL,1/17/2025,18/12/2024,0.97,0.224492279,AAPL_iv_surface.csv
AAPL,1/17/2025,18/12/2024,0.98,0.219279693,AAPL_iv_surface.csv
AAPL,1/17/2025,18/12/2024,0.99,0.215489886,AAPL_iv_surface.csv
AAPL,1/17/2025,18/12/2024,1,0.212955767,AAPL_iv_surface.csv
AAPL,1/17/2025,18/12/2024,1.01,0.211411901,AAPL_iv_surface.csv
AAPL,1/17/2025,18/12/2024,1.02,0.210540512,AAPL_iv_surface.csv
AAPL,1/17/2025,18/12/2024,1.03,0.210023477,AAPL_iv_surface.csv
AAPL,1/17/2025,18/12/2024,1.04,0.209600307,AAPL_iv_surface.csv
AAPL,1/17/2025,18/12/2024,1.05,0.209132132,AAPL_iv_surface.csv
AAPL,1/17/2025,18/12/2024,1.06,0.208599808,AAPL_iv_surface.csv
AAPL,1/17/2025,18/12/2024,1.07,0.208054795,AAPL_iv_surface.csv
AAPL,1/17/2025,18/12/2024,1.08,0.207627928,AAPL_iv_surface.csv
AAPL,1/17/2025,18/12/2024,1.09,0.207546765,AAPL_iv_surface.csv
AAPL,1/17/2025,18/12/2024,1.1,0.208075468,AAPL_iv_surface.csv
AAPL,1/17/2025,18/12/2024,1.11,0.209461815,AAPL_iv_surface.csv
AAPL,1/17/2025,18/12/2024,1.12,0.211891335,AAPL_iv_surface.csv
AAPL,1/17/2025,18/12/2024,1.13,0.215448575,AAPL_iv_surface.csv
AAPL,1/17/2025,18/12/2024,1.14,0.220085488,AAPL_iv_surface.csv
AAPL,1/17/2025,18/12/2024,1.15,0.22559696,AAPL_iv_surface.csv
AAPL,1/17/2025,18/12/2024,1.16,0.231530529,AAPL_iv_surface.csv
AAPL,1/17/2025,18/12/2024,1.17,0.237443522,AAPL_iv_surface.csv
AAPL,1/17/2025,18/12/2024,1.18,0.243134371,AAPL_iv_surface.csv
AAPL,1/17/2025,18/12/2024,1.19,0.248530376,AAPL_iv_surface.csv
AAPL,1/17/2025,18/12/2024,1.2,0.253653621,AAPL_iv_surface.csv
AAPL,1/17/2025,18/12/2024,1.21,0.258584617,AAPL_iv_surface.csv
AAPL,1/17/2025,18/12/2024,1.22,0.263423684,AAPL_iv_surface.csv
AAPL,1/17/2025,18/12/2024,1.23,0.268250058,AAPL_iv_surface.csv
AAPL,1/17/2025,18/12/2024,1.24,0.273078734,AAPL_iv_surface.csv
AAPL,1/17/2025,18/12/2024,1.25,0.27781504,AAPL_iv_surface.csv
AAPL,1/17/2025,18/12/2024,1.26,0.282143711,AAPL_iv_surface.csv
AAPL,1/17/2025,18/12/2024,1.27,0.28573084,AAPL_iv_surface.csv
AAPL,1/17/2025,18/12/2024,1.28,0.288450368,AAPL_iv_surface.csv
AAPL,1/17/2025,18/12/2024,1.29,0.290297056,AAPL_iv_surface.csv
AAPL,1/17/2025,18/12/2024,1.3,0.291364892,AAPL_iv_surface.csv
AAPL,1/17/2025,18/12/2024,1.31,0.291820708,AAPL_iv_surface.csv
AAPL,1/17/2025,18/12/2024,1.32,0.291873034,AAPL_iv_surface.csv
AAPL,1/17/2025,18/12/2024,1.33,0.291736173,AAPL_iv_surface.csv
AAPL,1/17/2025,18/12/2024,1.34,0.291589502,AAPL_iv_surface.csv
AAPL,1/17/2025,18/12/2024,1.35,0.291532,AAPL_iv_surface.csv
AAPL,1/17/2025,18/12/2024,1.36,0.291532,AAPL_iv_surface.csv
AAPL,1/17/2025,18/12/2024,1.37,0.291532,AAPL_iv_surface.csv
AAPL,1/17/2025,18/12/2024,1.38,0.291532,AAPL_iv_surface.csv
AAPL,1/17/2025,18/12/2024,1.39,0.291532,AAPL_iv_surface.csv
AAPL,1/17/2025,18/12/2024,1.4,0.291532,AAPL_iv_surface.csv
AAPL,1/17/2025,18/12/2024,1.41,0.291532,AAPL_iv_surface.csv
AAPL,1/17/2025,18/12/2024,1.42,0.291532,AAPL_iv_surface.csv
AAPL,1/17/2025,18/12/2024,1.43,0.291532,AAPL_iv_surface.csv
AAPL,1/17/2025,18/12/2024,1.44,0.291532,AAPL_iv_surface.csv
AAPL,1/17/2025,18/12/2024,1.45,0.291532,AAPL_iv_surface.csv
AAPL,1/17/2025,18/12/2024,1.46,0.291532,AAPL_iv_surface.csv
AAPL,1/17/2025,18/12/2024,1.47,0.291532,AAPL_iv_surface.csv
AAPL,1/17/2025,18/12/2024,1.48,0.291532,AAPL_iv_surface.csv
AAPL,1/17/2025,18/12/2024,1.49,0.291532,AAPL_iv_surface.csv
AAPL,1/17/2025,18/12/2024,1.5,0.291532,AAPL_iv_surface.csv
ISP,6/20/2025,25/06/2024,0.5,0.391149,ISP_iv_surface.csv
ISP,6/20/2025,25/06/2024,0.51,0.384430435,ISP_iv_surface.csv
ISP,6/20/2025,25/06/2024,0.52,0.377830808,ISP_iv_surface.csv
ISP,6/20/2025,25/06/2024,0.53,0.371354724,ISP_iv_surface.csv
ISP,6/20/2025,25/06/2024,0.54,0.365006785,ISP_iv_surface.csv
ISP,6/20/2025,25/06/2024,0.55,0.358791595,ISP_iv_surface.csv
ISP,6/20/2025,25/06/2024,0.56,0.35272077,ISP_iv_surface.csv
ISP,6/20/2025,25/06/2024,0.57,0.346802201,ISP_iv_surface.csv
ISP,6/20/2025,25/06/2024,0.58,0.341027701,ISP_iv_surface.csv
ISP,6/20/2025,25/06/2024,0.59,0.335380056,ISP_iv_surface.csv
ISP,6/20/2025,25/06/2024,0.6,0.329839241,ISP_iv_surface.csv
ISP,6/20/2025,25/06/2024,0.61,0.32438783,ISP_iv_surface.csv
ISP,6/20/2025,25/06/2024,0.62,0.31901557,ISP_iv_surface.csv
ISP,6/20/2025,25/06/2024,0.63,0.313723147,ISP_iv_surface.csv
ISP,6/20/2025,25/06/2024,0.64,0.308525116,ISP_iv_surface.csv
ISP,6/20/2025,25/06/2024,0.65,0.303452019,ISP_iv_surface.csv
ISP,6/20/2025,25/06/2024,0.66,0.298560888,ISP_iv_surface.csv
ISP,6/20/2025,25/06/2024,0.67,0.29390922,ISP_iv_surface.csv
ISP,6/20/2025,25/06/2024,0.68,0.289526743,ISP_iv_surface.csv
ISP,6/20/2025,25/06/2024,0.69,0.28542415,ISP_iv_surface.csv
ISP,6/20/2025,25/06/2024,0.7,0.281594978,ISP_iv_surface.csv
ISP,6/20/2025,25/06/2024,0.71,0.278018623,ISP_iv_surface.csv
ISP,6/20/2025,25/06/2024,0.72,0.274664508,ISP_iv_surface.csv
ISP,6/20/2025,25/06/2024,0.73,0.271497386,ISP_iv_surface.csv
ISP,6/20/2025,25/06/2024,0.74,0.268483783,ISP_iv_surface.csv
ISP,6/20/2025,25/06/2024,0.75,0.265599591,ISP_iv_surface.csv
ISP,6/20/2025,25/06/2024,0.76,0.262839776,ISP_iv_surface.csv
ISP,6/20/2025,25/06/2024,0.77,0.260202918,ISP_iv_surface.csv
ISP,6/20/2025,25/06/2024,0.78,0.257677371,ISP_iv_surface.csv
ISP,6/20/2025,25/06/2024,0.79,0.255250994,ISP_iv_surface.csv
ISP,6/20/2025,25/06/2024,0.8,0.252912691,ISP_iv_surface.csv
ISP,6/20/2025,25/06/2024,0.81,0.250653599,ISP_iv_surface.csv
ISP,6/20/2025,25/06/2024,0.82,0.248467928,ISP_iv_surface.csv
ISP,6/20/2025,25/06/2024,0.83,0.246353443,ISP_iv_surface.csv
ISP,6/20/2025,25/06/2024,0.84,0.244311603,ISP_iv_surface.csv
ISP,6/20/2025,25/06/2024,0.85,0.242347339,ISP_iv_surface.csv
ISP,6/20/2025,25/06/2024,0.86,0.240473795,ISP_iv_surface.csv
ISP,6/20/2025,25/06/2024,0.87,0.238701407,ISP_iv_surface.csv
ISP,6/20/2025,25/06/2024,0.88,0.237027186,ISP_iv_surface.csv
ISP,6/20/2025,25/06/2024,0.89,0.235440492,ISP_iv_surface.csv
ISP,6/20/2025,25/06/2024,0.9,0.233927032,ISP_iv_surface.csv
ISP,6/20/2025,25/06/2024,0.91,0.232472489,ISP_iv_surface.csv
ISP,6/20/2025,25/06/2024,0.92,0.231065785,ISP_iv_surface.csv
ISP,6/20/2025,25/06/2024,0.93,0.229701964,ISP_iv_surface.csv
ISP,6/20/2025,25/06/2024,0.94,0.228384713,ISP_iv_surface.csv
ISP,6/20/2025,25/06/2024,0.95,0.227128506,ISP_iv_surface.csv
ISP,6/20/2025,25/06/2024,0.96,0.225965924,ISP_iv_surface.csv
ISP,6/20/2025,25/06/2024,0.97,0.224930744,ISP_iv_surface.csv
ISP,6/20/2025,25/06/2024,0.98,0.224039182,ISP_iv_surface.csv
ISP,6/20/2025,25/06/2024,0.99,0.223295482,ISP_iv_surface.csv
ISP,6/20/2025,25/06/2024,1,0.222692604,ISP_iv_surface.csv
ISP,6/20/2025,25/06/2024,1.01,0.222213745,ISP_iv_surface.csv
ISP,6/20/2025,25/06/2024,1.02,0.221834716,ISP_iv_surface.csv
ISP,6/20/2025,25/06/2024,1.03,0.221527161,ISP_iv_surface.csv
ISP,6/20/2025,25/06/2024,1.04,0.221262622,ISP_iv_surface.csv
ISP,6/20/2025,25/06/2024,1.05,0.221017446,ISP_iv_surface.csv
ISP,6/20/2025,25/06/2024,1.06,0.220778159,ISP_iv_surface.csv
ISP,6/20/2025,25/06/2024,1.07,0.220533061,ISP_iv_surface.csv
ISP,6/20/2025,25/06/2024,1.08,0.22026642,ISP_iv_surface.csv
ISP,6/20/2025,25/06/2024,1.09,0.219965153,ISP_iv_surface.csv
ISP,6/20/2025,25/06/2024,1.1,0.219620362,ISP_iv_surface.csv
ISP,6/20/2025,25/06/2024,1.11,0.219228245,ISP_iv_surface.csv
ISP,6/20/2025,25/06/2024,1.12,0.218790406,ISP_iv_surface.csv
ISP,6/20/2025,25/06/2024,1.13,0.218313522,ISP_iv_surface.csv
ISP,6/20/2025,25/06/2024,1.14,0.217808418,ISP_iv_surface.csv
ISP,6/20/2025,25/06/2024,1.15,0.2172885,ISP_iv_surface.csv
ISP,6/20/2025,25/06/2024,1.16,0.216768951,ISP_iv_surface.csv
ISP,6/20/2025,25/06/2024,1.17,0.216264235,ISP_iv_surface.csv
ISP,6/20/2025,25/06/2024,1.18,0.215785697,ISP_iv_surface.csv
ISP,6/20/2025,25/06/2024,1.19,0.215341042,ISP_iv_surface.csv
ISP,6/20/2025,25/06/2024,1.2,0.214933883,ISP_iv_surface.csv
ISP,6/20/2025,25/06/2024,1.21,0.214563717,ISP_iv_surface.csv
ISP,6/20/2025,25/06/2024,1.22,0.214226328,ISP_iv_surface.csv
ISP,6/20/2025,25/06/2024,1.23,0.213914614,ISP_iv_surface.csv
ISP,6/20/2025,25/06/2024,1.24,0.213619836,ISP_iv_surface.csv
ISP,6/20/2025,25/06/2024,1.25,0.213333298,ISP_iv_surface.csv
ISP,6/20/2025,25/06/2024,1.26,0.213050981,ISP_iv_surface.csv
ISP,6/20/2025,25/06/2024,1.27,0.212767613,ISP_iv_surface.csv
ISP,6/20/2025,25/06/2024,1.28,0.212470978,ISP_iv_surface.csv
ISP,6/20/2025,25/06/2024,1.29,0.212147128,ISP_iv_surface.csv
ISP,6/20/2025,25/06/2024,1.3,0.211783984,ISP_iv_surface.csv
ISP,6/20/2025,25/06/2024,1.31,0.211374155,ISP_iv_surface.csv
ISP,6/20/2025,25/06/2024,1.32,0.210916991,ISP_iv_surface.csv
ISP,6/20/2025,25/06/2024,1.33,0.210419864,ISP_iv_surface.csv
ISP,6/20/2025,25/06/2024,1.34,0.209898672,ISP_iv_surface.csv
ISP,6/20/2025,25/06/2024,1.35,0.209377581,ISP_iv_surface.csv
ISP,6/20/2025,25/06/2024,1.36,0.208884732,ISP_iv_surface.csv
ISP,6/20/2025,25/06/2024,1.37,0.208450619,ISP_iv_surface.csv
ISP,6/20/2025,25/06/2024,1.38,0.208110132,ISP_iv_surface.csv
ISP,6/20/2025,25/06/2024,1.39,0.20790017,ISP_iv_surface.csv
ISP,6/20/2025,25/06/2024,1.4,0.207854858,ISP_iv_surface.csv
ISP,6/20/2025,25/06/2024,1.41,0.208001806,ISP_iv_surface.csv
ISP,6/20/2025,25/06/2024,1.42,0.208359425,ISP_iv_surface.csv
ISP,6/20/2025,25/06/2024,1.43,0.208935302,ISP_iv_surface.csv
ISP,6/20/2025,25/06/2024,1.44,0.209725618,ISP_iv_surface.csv
ISP,6/20/2025,25/06/2024,1.45,0.210715625,ISP_iv_surface.csv
ISP,6/20/2025,25/06/2024,1.46,0.211881176,ISP_iv_surface.csv
ISP,6/20/2025,25/06/2024,1.47,0.213199523,ISP_iv_surface.csv
ISP,6/20/2025,25/06/2024,1.48,0.214652432,ISP_iv_surface.csv
ISP,6/20/2025,25/06/2024,1.49,0.216221669,ISP_iv_surface.csv
ISP,6/20/2025,25/06/2024,1.5,0.217889,ISP_iv_surface.csv
ISP,6/20/2025,20/12/2024,0.5,0.556412,ISP_iv_surface.csv
ISP,6/20/2025,20/12/2024,0.51,0.536941887,ISP_iv_surface.csv
ISP,6/20/2025,20/12/2024,0.52,0.518108857,ISP_iv_surface.csv
ISP,6/20/2025,20/12/2024,0.53,0.500027671,ISP_iv_surface.csv
ISP,6/20/2025,20/12/2024,0.54,0.482813092,ISP_iv_surface.csv
ISP,6/20/2025,20/12/2024,0.55,0.46657988,ISP_iv_surface.csv
ISP,6/20/2025,20/12/2024,0.56,0.451469853,ISP_iv_surface.csv
ISP,6/20/2025,20/12/2024,0.57,0.437634573,ISP_iv_surface.csv
ISP,6/20/2025,20/12/2024,0.58,0.42516961,ISP_iv_surface.csv
ISP,6/20/2025,20/12/2024,0.59,0.414103195,ISP_iv_surface.csv
ISP,6/20/2025,20/12/2024,0.6,0.404391769,ISP_iv_surface.csv
ISP,6/20/2025,20/12/2024,0.61,0.395922395,ISP_iv_surface.csv
ISP,6/20/2025,20/12/2024,0.62,0.388522057,ISP_iv_surface.csv
ISP,6/20/2025,20/12/2024,0.63,0.381973842,ISP_iv_surface.csv
ISP,6/20/2025,20/12/2024,0.64,0.37603999,ISP_iv_surface.csv
ISP,6/20/2025,20/12/2024,0.65,0.370491833,ISP_iv_surface.csv
ISP,6/20/2025,20/12/2024,0.66,0.365135207,ISP_iv_surface.csv
ISP,6/20/2025,20/12/2024,0.67,0.359782852,ISP_iv_surface.csv
ISP,6/20/2025,20/12/2024,0.68,0.354249765,ISP_iv_surface.csv
ISP,6/20/2025,20/12/2024,0.69,0.348393053,ISP_iv_surface.csv
ISP,6/20/2025,20/12/2024,0.7,0.342125854,ISP_iv_surface.csv
ISP,6/20/2025,20/12/2024,0.71,0.335424102,ISP_iv_surface.csv
ISP,6/20/2025,20/12/2024,0.72,0.328326149,ISP_iv_surface.csv
ISP,6/20/2025,20/12/2024,0.73,0.320925236,ISP_iv_surface.csv
ISP,6/20/2025,20/12/2024,0.74,0.313354823,ISP_iv_surface.csv
ISP,6/20/2025,20/12/2024,0.75,0.305766769,ISP_iv_surface.csv
ISP,6/20/2025,20/12/2024,0.76,0.298335004,ISP_iv_surface.csv
ISP,6/20/2025,20/12/2024,0.77,0.291210984,ISP_iv_surface.csv
ISP,6/20/2025,20/12/2024,0.78,0.284477339,ISP_iv_surface.csv
ISP,6/20/2025,20/12/2024,0.79,0.278157511,ISP_iv_surface.csv
ISP,6/20/2025,20/12/2024,0.8,0.272229711,ISP_iv_surface.csv
ISP,6/20/2025,20/12/2024,0.81,0.26664234,ISP_iv_surface.csv
ISP,6/20/2025,20/12/2024,0.82,0.261330899,ISP_iv_surface.csv
ISP,6/20/2025,20/12/2024,0.83,0.256236364,ISP_iv_surface.csv
ISP,6/20/2025,20/12/2024,0.84,0.251325053,ISP_iv_surface.csv
ISP,6/20/2025,20/12/2024,0.85,0.246609954,ISP_iv_surface.csv
ISP,6/20/2025,20/12/2024,0.86,0.242200515,ISP_iv_surface.csv
ISP,6/20/2025,20/12/2024,0.87,0.238211529,ISP_iv_surface.csv
ISP,6/20/2025,20/12/2024,0.88,0.234667196,ISP_iv_surface.csv
ISP,6/20/2025,20/12/2024,0.89,0.231545662,ISP_iv_surface.csv
ISP,6/20/2025,20/12/2024,0.9,0.228793023,ISP_iv_surface.csv
ISP,6/20/2025,20/12/2024,0.91,0.226337683,ISP_iv_surface.csv
ISP,6/20/2025,20/12/2024,0.92,0.224105042,ISP_iv_surface.csv
ISP,6/20/2025,20/12/2024,0.93,0.222032543,ISP_iv_surface.csv
ISP,6/20/2025,20/12/2024,0.94,0.220085047,ISP_iv_surface.csv
ISP,6/20/2025,20/12/2024,0.95,0.218270564,ISP_iv_surface.csv
ISP,6/20/2025,20/12/2024,0.96,0.216620513,ISP_iv_surface.csv
ISP,6/20/2025,20/12/2024,0.97,0.215201448,ISP_iv_surface.csv
ISP,6/20/2025,20/12/2024,0.98,0.214137621,ISP_iv_surface.csv
ISP,6/20/2025,20/12/2024,0.99,0.213587746,ISP_iv_surface.csv
ISP,6/20/2025,20/12/2024,1,0.213703002,ISP_iv_surface.csv
ISP,6/20/2025,20/12/2024,1.01,0.214592842,ISP_iv_surface.csv
ISP,6/20/2025,20/12/2024,1.02,0.216298597,ISP_iv_surface.csv
ISP,6/20/2025,20/12/2024,1.03,0.218774885,ISP_iv_surface.csv
ISP,6/20/2025,20/12/2024,1.04,0.221878816,ISP_iv_surface.csv
ISP,6/20/2025,20/12/2024,1.05,0.225367,ISP_iv_surface.csv
ISP,6/20/2025,20/12/2024,1.06,0.22884172,ISP_iv_surface.csv
ISP,6/20/2025,20/12/2024,1.07,0.231909753,ISP_iv_surface.csv
ISP,6/20/2025,20/12/2024,1.08,0.234348941,ISP_iv_surface.csv
ISP,6/20/2025,20/12/2024,1.09,0.236058547,ISP_iv_surface.csv
ISP,6/20/2025,20/12/2024,1.1,0.237047448,ISP_iv_surface.csv
ISP,6/20/2025,20/12/2024,1.11,0.237415003,ISP_iv_surface.csv
ISP,6/20/2025,20/12/2024,1.12,0.237324587,ISP_iv_surface.csv
ISP,6/20/2025,20/12/2024,1.13,0.236969797,ISP_iv_surface.csv
ISP,6/20/2025,20/12/2024,1.14,0.236533324,ISP_iv_surface.csv
ISP,6/20/2025,20/12/2024,1.15,0.2361385,ISP_iv_surface.csv
ISP,6/20/2025,20/12/2024,1.16,0.235777092,ISP_iv_surface.csv
ISP,6/20/2025,20/12/2024,1.17,0.235420784,ISP_iv_surface.csv
ISP,6/20/2025,20/12/2024,1.18,0.235129051,ISP_iv_surface.csv
ISP,6/20/2025,20/12/2024,1.19,0.234980835,ISP_iv_surface.csv
ISP,6/20/2025,20/12/2024,1.2,0.235058501,ISP_iv_surface.csv
ISP,6/20/2025,20/12/2024,1.21,0.23543424,ISP_iv_surface.csv
ISP,6/20/2025,20/12/2024,1.22,0.236158907,ISP_iv_surface.csv
ISP,6/20/2025,20/12/2024,1.23,0.237253306,ISP_iv_surface.csv
ISP,6/20/2025,20/12/2024,1.24,0.238701922,ISP_iv_surface.csv
ISP,6/20/2025,20/12/2024,1.25,0.240449086,ISP_iv_surface.csv
ISP,6/20/2025,20/12/2024,1.26,0.242391002,ISP_iv_surface.csv
ISP,6/20/2025,20/12/2024,1.27,0.244419501,ISP_iv_surface.csv
ISP,6/20/2025,20/12/2024,1.28,0.246458654,ISP_iv_surface.csv
ISP,6/20/2025,20/12/2024,1.29,0.248453013,ISP_iv_surface.csv
ISP,6/20/2025,20/12/2024,1.3,0.250372262,ISP_iv_surface.csv
ISP,6/20/2025,20/12/2024,1.31,0.252212939,ISP_iv_surface.csv
ISP,6/20/2025,20/12/2024,1.32,0.253997216,ISP_iv_surface.csv
ISP,6/20/2025,20/12/2024,1.33,0.25576875,ISP_iv_surface.csv
ISP,6/20/2025,20/12/2024,1.34,0.257585592,ISP_iv_surface.csv
ISP,6/20/2025,20/12/2024,1.35,0.259510171,ISP_iv_surface.csv
ISP,6/20/2025,20/12/2024,1.36,0.261568793,ISP_iv_surface.csv
ISP,6/20/2025,20/12/2024,1.37,0.263794427,ISP_iv_surface.csv
ISP,6/20/2025,20/12/2024,1.38,0.266286187,ISP_iv_surface.csv
ISP,6/20/2025,20/12/2024,1.39,0.269178856,ISP_iv_surface.csv
ISP,6/20/2025,20/12/2024,1.4,0.272618633,ISP_iv_surface.csv
ISP,6/20/2025,20/12/2024,1.41,0.27674204,ISP_iv_surface.csv
ISP,6/20/2025,20/12/2024,1.42,0.281657992,ISP_iv_surface.csv
ISP,6/20/2025,20/12/2024,1.43,0.287433031,ISP_iv_surface.csv
ISP,6/20/2025,20/12/2024,1.44,0.294079718,ISP_iv_surface.csv
ISP,6/20/2025,20/12/2024,1.45,0.301548181,ISP_iv_surface.csv
ISP,6/20/2025,20/12/2024,1.46,0.309720835,ISP_iv_surface.csv
ISP,6/20/2025,20/12/2024,1.47,0.318479849,ISP_iv_surface.csv
ISP,6/20/2025,20/12/2024,1.48,0.327738718,ISP_iv_surface.csv
ISP,6/20/2025,20/12/2024,1.49,0.337410937,ISP_iv_surface.csv
ISP,6/20/2025,20/12/2024,1.5,0.34741,ISP_iv_surface.csv
ISP,6/20/2025,21/03/2025,0.5,0.663335,ISP_iv_surface.csv
ISP,6/20/2025,21/03/2025,0.51,0.65385916,ISP_iv_surface.csv
ISP,6/20/2025,21/03/2025,0.52,0.643884089,ISP_iv_surface.csv
ISP,6/20/2025,21/03/2025,0.53,0.63343176,ISP_iv_surface.csv
ISP,6/20/2025,21/03/2025,0.54,0.622524146,ISP_iv_surface.csv
ISP,6/20/2025,21/03/2025,0.55,0.611183221,ISP_iv_surface.csv
ISP,6/20/2025,21/03/2025,0.56,0.599511239,ISP_iv_surface.csv
ISP,6/20/2025,21/03/2025,0.57,0.587560167,ISP_iv_surface.csv
ISP,6/20/2025,21/03/2025,0.58,0.575196016,ISP_iv_surface.csv
ISP,6/20/2025,21/03/2025,0.59,0.562191707,ISP_iv_surface.csv
ISP,6/20/2025,21/03/2025,0.6,0.54830734,ISP_iv_surface.csv
ISP,6/20/2025,21/03/2025,0.61,0.533357879,ISP_iv_surface.csv
ISP,6/20/2025,21/03/2025,0.62,0.517268244,ISP_iv_surface.csv
ISP,6/20/2025,21/03/2025,0.63,0.50011581,ISP_iv_surface.csv
ISP,6/20/2025,21/03/2025,0.64,0.482160321,ISP_iv_surface.csv
ISP,6/20/2025,21/03/2025,0.65,0.463861212,ISP_iv_surface.csv
ISP,6/20/2025,21/03/2025,0.66,0.445988205,ISP_iv_surface.csv
ISP,6/20/2025,21/03/2025,0.67,0.42931604,ISP_iv_surface.csv
ISP,6/20/2025,21/03/2025,0.68,0.414298268,ISP_iv_surface.csv
ISP,6/20/2025,21/03/2025,0.69,0.401161,ISP_iv_surface.csv
ISP,6/20/2025,21/03/2025,0.7,0.389917029,ISP_iv_surface.csv
ISP,6/20/2025,21/03/2025,0.71,0.380395731,ISP_iv_surface.csv
ISP,6/20/2025,21/03/2025,0.72,0.37228874,ISP_iv_surface.csv
ISP,6/20/2025,21/03/2025,0.73,0.365211387,ISP_iv_surface.csv
ISP,6/20/2025,21/03/2025,0.74,0.358779921,ISP_iv_surface.csv
ISP,6/20/2025,21/03/2025,0.75,0.352704495,ISP_iv_surface.csv
ISP,6/20/2025,21/03/2025,0.76,0.346889988,ISP_iv_surface.csv
ISP,6/20/2025,21/03/2025,0.77,0.341292839,ISP_iv_surface.csv
ISP,6/20/2025,21/03/2025,0.78,0.335797692,ISP_iv_surface.csv
ISP,6/20/2025,21/03/2025,0.79,0.330315913,ISP_iv_surface.csv
ISP,6/20/2025,21/03/2025,0.8,0.324792998,ISP_iv_surface.csv
ISP,6/20/2025,21/03/2025,0.81,0.319211811,ISP_iv_surface.csv
ISP,6/20/2025,21/03/2025,0.82,0.313591646,ISP_iv_surface.csv
ISP,6/20/2025,21/03/2025,0.83,0.30798312,ISP_iv_surface.csv
ISP,6/20/2025,21/03/2025,0.84,0.302458898,ISP_iv_surface.csv
ISP,6/20/2025,21/03/2025,0.85,0.297100239,ISP_iv_surface.csv
ISP,6/20/2025,21/03/2025,0.86,0.29199809,ISP_iv_surface.csv
ISP,6/20/2025,21/03/2025,0.87,0.287230931,ISP_iv_surface.csv
ISP,6/20/2025,21/03/2025,0.88,0.282839327,ISP_iv_surface.csv
ISP,6/20/2025,21/03/2025,0.89,0.278828675,ISP_iv_surface.csv
ISP,6/20/2025,21/03/2025,0.9,0.275176103,ISP_iv_surface.csv
ISP,6/20/2025,21/03/2025,0.91,0.271838616,ISP_iv_surface.csv
ISP,6/20/2025,21/03/2025,0.92,0.268762462,ISP_iv_surface.csv
ISP,6/20/2025,21/03/2025,0.93,0.265893737,ISP_iv_surface.csv
ISP,6/20/2025,21/03/2025,0.94,0.263190218,ISP_iv_surface.csv
ISP,6/20/2025,21/03/2025,0.95,0.260634426,ISP_iv_surface.csv
ISP,6/20/2025,21/03/2025,0.96,0.258259141,ISP_iv_surface.csv
ISP,6/20/2025,21/03/2025,0.97,0.256100343,ISP_iv_surface.csv
ISP,6/20/2025,21/03/2025,0.98,0.254151528,ISP_iv_surface.csv
ISP,6/20/2025,21/03/2025,0.99,0.252389199,ISP_iv_surface.csv
ISP,6/20/2025,21/03/2025,1,0.250780583,ISP_iv_surface.csv
ISP,6/20/2025,21/03/2025,1.01,0.249290835,ISP_iv_surface.csv
ISP,6/20/2025,21/03/2025,1.02,0.247889702,ISP_iv_surface.csv
ISP,6/20/2025,21/03/2025,1.03,0.246557676,ISP_iv_surface.csv
ISP,6/20/2025,21/03/2025,1.04,0.245291603,ISP_iv_surface.csv
ISP,6/20/2025,21/03/2025,1.05,0.244109782,ISP_iv_surface.csv
ISP,6/20/2025,21/03/2025,1.06,0.243061296,ISP_iv_surface.csv
ISP,6/20/2025,21/03/2025,1.07,0.242198425,ISP_iv_surface.csv
ISP,6/20/2025,21/03/2025,1.08,0.241551679,ISP_iv_surface.csv
ISP,6/20/2025,21/03/2025,1.09,0.241139997,ISP_iv_surface.csv
ISP,6/20/2025,21/03/2025,1.1,0.240970223,ISP_iv_surface.csv
ISP,6/20/2025,21/03/2025,1.11,0.2410377,ISP_iv_surface.csv
ISP,6/20/2025,21/03/2025,1.12,0.241327983,ISP_iv_surface.csv
ISP,6/20/2025,21/03/2025,1.13,0.241819676,ISP_iv_surface.csv
ISP,6/20/2025,21/03/2025,1.14,0.242488387,ISP_iv_surface.csv
ISP,6/20/2025,21/03/2025,1.15,0.243311805,ISP_iv_surface.csv
ISP,6/20/2025,21/03/2025,1.16,0.244221524,ISP_iv_surface.csv
ISP,6/20/2025,21/03/2025,1.17,0.245176956,ISP_iv_surface.csv
ISP,6/20/2025,21/03/2025,1.18,0.246257582,ISP_iv_surface.csv
ISP,6/20/2025,21/03/2025,1.19,0.247619116,ISP_iv_surface.csv
ISP,6/20/2025,21/03/2025,1.2,0.249450697,ISP_iv_surface.csv
ISP,6/20/2025,21/03/2025,1.21,0.251936528,ISP_iv_surface.csv
ISP,6/20/2025,21/03/2025,1.22,0.255221961,ISP_iv_surface.csv
ISP,6/20/2025,21/03/2025,1.23,0.259384033,ISP_iv_surface.csv
ISP,6/20/2025,21/03/2025,1.24,0.264406452,ISP_iv_surface.csv
ISP,6/20/2025,21/03/2025,1.25,0.270159026,ISP_iv_surface.csv
ISP,6/20/2025,21/03/2025,1.26,0.2763445,ISP_iv_surface.csv
ISP,6/20/2025,21/03/2025,1.27,0.282661458,ISP_iv_surface.csv
ISP,6/20/2025,21/03/2025,1.28,0.288948223,ISP_iv_surface.csv
ISP,6/20/2025,21/03/2025,1.29,0.295117225,ISP_iv_surface.csv
ISP,6/20/2025,21/03/2025,1.3,0.301145239,ISP_iv_surface.csv
ISP,6/20/2025,21/03/2025,1.31,0.307059813,ISP_iv_surface.csv
ISP,6/20/2025,21/03/2025,1.32,0.312921873,ISP_iv_surface.csv
ISP,6/20/2025,21/03/2025,1.33,0.318804503,ISP_iv_surface.csv
ISP,6/20/2025,21/03/2025,1.34,0.324767905,ISP_iv_surface.csv
ISP,6/20/2025,21/03/2025,1.35,0.330830535,ISP_iv_surface.csv
ISP,6/20/2025,21/03/2025,1.36,0.336929827,ISP_iv_surface.csv
ISP,6/20/2025,21/03/2025,1.37,0.342985337,ISP_iv_surface.csv
ISP,6/20/2025,21/03/2025,1.38,0.348963181,ISP_iv_surface.csv
ISP,6/20/2025,21/03/2025,1.39,0.354843484,ISP_iv_surface.csv
ISP,6/20/2025,21/03/2025,1.4,0.360619359,ISP_iv_surface.csv
ISP,6/20/2025,21/03/2025,1.41,0.36629495,ISP_iv_surface.csv
ISP,6/20/2025,21/03/2025,1.42,0.371882548,ISP_iv_surface.csv
ISP,6/20/2025,21/03/2025,1.43,0.377398766,ISP_iv_surface.csv
ISP,6/20/2025,21/03/2025,1.44,0.382859792,ISP_iv_surface.csv
ISP,6/20/2025,21/03/2025,1.45,0.388275696,ISP_iv_surface.csv
ISP,6/20/2025,21/03/2025,1.46,0.393643823,ISP_iv_surface.csv
ISP,6/20/2025,21/03/2025,1.47,0.398957905,ISP_iv_surface.csv
ISP,6/20/2025,21/03/2025,1.48,0.404217154,ISP_iv_surface.csv
ISP,6/20/2025,21/03/2025,1.49,0.409420782,ISP_iv_surface.csv
ISP,6/20/2025,21/03/2025,1.5,0.414568,ISP_iv_surface.csv
ISP,6/20/2025,21/05/2025,0.5,0.555631,ISP_iv_surface.csv
ISP,6/20/2025,21/05/2025,0.51,0.555631,ISP_iv_surface.csv
ISP,6/20/2025,21/05/2025,0.52,0.555631,ISP_iv_surface.csv
ISP,6/20/2025,21/05/2025,0.53,0.555631,ISP_iv_surface.csv
ISP,6/20/2025,21/05/2025,0.54,0.555631,ISP_iv_surface.csv
ISP,6/20/2025,21/05/2025,0.55,0.555631,ISP_iv_surface.csv
ISP,6/20/2025,21/05/2025,0.56,0.555757452,ISP_iv_surface.csv
ISP,6/20/2025,21/05/2025,0.57,0.556070564,ISP_iv_surface.csv
ISP,6/20/2025,21/05/2025,0.58,0.556340884,ISP_iv_surface.csv
ISP,6/20/2025,21/05/2025,0.59,0.556174862,ISP_iv_surface.csv
ISP,6/20/2025,21/05/2025,0.6,0.555125982,ISP_iv_surface.csv
ISP,6/20/2025,21/05/2025,0.61,0.552791466,ISP_iv_surface.csv
ISP,6/20/2025,21/05/2025,0.62,0.54889455,ISP_iv_surface.csv
ISP,6/20/2025,21/05/2025,0.63,0.543352333,ISP_iv_surface.csv
ISP,6/20/2025,21/05/2025,0.64,0.536329187,ISP_iv_surface.csv
ISP,6/20/2025,21/05/2025,0.65,0.528275753,ISP_iv_surface.csv
ISP,6/20/2025,21/05/2025,0.66,0.520073054,ISP_iv_surface.csv
ISP,6/20/2025,21/05/2025,0.67,0.51261221,ISP_iv_surface.csv
ISP,6/20/2025,21/05/2025,0.68,0.50638455,ISP_iv_surface.csv
ISP,6/20/2025,21/05/2025,0.69,0.501630026,ISP_iv_surface.csv
ISP,6/20/2025,21/05/2025,0.7,0.498357988,ISP_iv_surface.csv
ISP,6/20/2025,21/05/2025,0.71,0.49638406,ISP_iv_surface.csv
ISP,6/20/2025,21/05/2025,0.72,0.495383142,ISP_iv_surface.csv
ISP,6/20/2025,21/05/2025,0.73,0.494958509,ISP_iv_surface.csv
ISP,6/20/2025,21/05/2025,0.74,0.494727044,ISP_iv_surface.csv
ISP,6/20/2025,21/05/2025,0.75,0.494420571,ISP_iv_surface.csv
ISP,6/20/2025,21/05/2025,0.76,0.494387111,ISP_iv_surface.csv
ISP,6/20/2025,21/05/2025,0.77,0.49483259,ISP_iv_surface.csv
ISP,6/20/2025,21/05/2025,0.78,0.494982342,ISP_iv_surface.csv
ISP,6/20/2025,21/05/2025,0.79,0.493570053,ISP_iv_surface.csv
ISP,6/20/2025,21/05/2025,0.8,0.489180692,ISP_iv_surface.csv
ISP,6/20/2025,21/05/2025,0.81,0.480547668,ISP_iv_surface.csv
ISP,6/20/2025,21/05/2025,0.82,0.466804202,ISP_iv_surface.csv
ISP,6/20/2025,21/05/2025,0.83,0.447688925,ISP_iv_surface.csv
ISP,6/20/2025,21/05/2025,0.84,0.423705692,ISP_iv_surface.csv
ISP,6/20/2025,21/05/2025,0.85,0.39623761,ISP_iv_surface.csv
ISP,6/20/2025,21/05/2025,0.86,0.367998762,ISP_iv_surface.csv
ISP,6/20/2025,21/05/2025,0.87,0.341705614,ISP_iv_surface.csv
ISP,6/20/2025,21/05/2025,0.88,0.318808356,ISP_iv_surface.csv
ISP,6/20/2025,21/05/2025,0.89,0.29998546,ISP_iv_surface.csv
ISP,6/20/2025,21/05/2025,0.9,0.285240506,ISP_iv_surface.csv
ISP,6/20/2025,21/05/2025,0.91,0.274040024,ISP_iv_surface.csv
ISP,6/20/2025,21/05/2025,0.92,0.265492352,ISP_iv_surface.csv
ISP,6/20/2025,21/05/2025,0.93,0.258567505,ISP_iv_surface.csv
ISP,6/20/2025,21/05/2025,0.94,0.252358062,ISP_iv_surface.csv
ISP,6/20/2025,21/05/2025,0.95,0.246381066,ISP_iv_surface.csv
ISP,6/20/2025,21/05/2025,0.96,0.240983857,ISP_iv_surface.csv
ISP,6/20/2025,21/05/2025,0.97,0.236687607,ISP_iv_surface.csv
ISP,6/20/2025,21/05/2025,0.98,0.233541316,ISP_iv_surface.csv
ISP,6/20/2025,21/05/2025,0.99,0.231478926,ISP_iv_surface.csv
ISP,6/20/2025,21/05/2025,1,0.230345344,ISP_iv_surface.csv
ISP,6/20/2025,21/05/2025,1.01,0.229925615,ISP_iv_surface.csv
ISP,6/20/2025,21/05/2025,1.02,0.229977254,ISP_iv_surface.csv
ISP,6/20/2025,21/05/2025,1.03,0.230265718,ISP_iv_surface.csv
ISP,6/20/2025,21/05/2025,1.04,0.230603046,ISP_iv_surface.csv
ISP,6/20/2025,21/05/2025,1.05,0.230889642,ISP_iv_surface.csv
ISP,6/20/2025,21/05/2025,1.06,0.23112146,ISP_iv_surface.csv
ISP,6/20/2025,21/05/2025,1.07,0.231337669,ISP_iv_surface.csv
ISP,6/20/2025,21/05/2025,1.08,0.231605052,ISP_iv_surface.csv
ISP,6/20/2025,21/05/2025,1.09,0.232037919,ISP_iv_surface.csv
ISP,6/20/2025,21/05/2025,1.1,0.232763639,ISP_iv_surface.csv
ISP,6/20/2025,21/05/2025,1.11,0.233892943,ISP_iv_surface.csv
ISP,6/20/2025,21/05/2025,1.12,0.235494982,ISP_iv_surface.csv
ISP,6/20/2025,21/05/2025,1.13,0.237577146,ISP_iv_surface.csv
ISP,6/20/2025,21/05/2025,1.14,0.240069646,ISP_iv_surface.csv
ISP,6/20/2025,21/05/2025,1.15,0.242814858,ISP_iv_surface.csv
ISP,6/20/2025,21/05/2025,1.16,0.245513265,ISP_iv_surface.csv
ISP,6/20/2025,21/05/2025,1.17,0.247866348,ISP_iv_surface.csv
ISP,6/20/2025,21/05/2025,1.18,0.249723186,ISP_iv_surface.csv
ISP,6/20/2025,21/05/2025,1.19,0.25102875,ISP_iv_surface.csv
ISP,6/20/2025,21/05/2025,1.2,0.251810849,ISP_iv_surface.csv
ISP,6/20/2025,21/05/2025,1.21,0.252162226,ISP_iv_surface.csv
ISP,6/20/2025,21/05/2025,1.22,0.252217832,ISP_iv_surface.csv
ISP,6/20/2025,21/05/2025,1.23,0.252127262,ISP_iv_surface.csv
ISP,6/20/2025,21/05/2025,1.24,0.252022363,ISP_iv_surface.csv
ISP,6/20/2025,21/05/2025,1.25,0.25198,ISP_iv_surface.csv
ISP,6/20/2025,21/05/2025,1.26,0.25198,ISP_iv_surface.csv
ISP,6/20/2025,21/05/2025,1.27,0.25198,ISP_iv_surface.csv
ISP,6/20/2025,21/05/2025,1.28,0.25198,ISP_iv_surface.csv
ISP,6/20/2025,21/05/2025,1.29,0.25198,ISP_iv_surface.csv
ISP,6/20/2025,21/05/2025,1.3,0.25198,ISP_iv_surface.csv
ISP,6/20/2025,21/05/2025,1.31,0.25198,ISP_iv_surface.csv
ISP,6/20/2025,21/05/2025,1.32,0.25198,ISP_iv_surface.csv
ISP,6/20/2025,21/05/2025,1.33,0.25198,ISP_iv_surface.csv
ISP,6/20/2025,21/05/2025,1.34,0.25198,ISP_iv_surface.csv
ISP,6/20/2025,21/05/2025,1.35,0.25198,ISP_iv_surface.csv
ISP,6/20/2025,21/05/2025,1.36,0.25198,ISP_iv_surface.csv
ISP,6/20/2025,21/05/2025,1.37,0.25198,ISP_iv_surface.csv
ISP,6/20/2025,21/05/2025,1.38,0.25198,ISP_iv_surface.csv
ISP,6/20/2025,21/05/2025,1.39,0.25198,ISP_iv_surface.csv
ISP,6/20/2025,21/05/2025,1.4,0.25198,ISP_iv_surface.csv
ISP,6/20/2025,21/05/2025,1.41,0.25198,ISP_iv_surface.csv
ISP,6/20/2025,21/05/2025,1.42,0.25198,ISP_iv_surface.csv
ISP,6/20/2025,21/05/2025,1.43,0.25198,ISP_iv_surface.csv
ISP,6/20/2025,21/05/2025,1.44,0.25198,ISP_iv_surface.csv
ISP,6/20/2025,21/05/2025,1.45,0.25198,ISP_iv_surface.csv
ISP,6/20/2025,21/05/2025,1.46,0.25198,ISP_iv_surface.csv
ISP,6/20/2025,21/05/2025,1.47,0.25198,ISP_iv_surface.csv
ISP,6/20/2025,21/05/2025,1.48,0.25198,ISP_iv_surface.csv
ISP,6/20/2025,21/05/2025,1.49,0.25198,ISP_iv_surface.csv
ISP,6/20/2025,21/05/2025,1.5,0.25198,ISP_iv_surface.csv
NVDA,1/17/2025,23/01/2024,0.5,0.478131,NVDA_iv_surface.csv
NVDA,1/17/2025,23/01/2024,0.51,0.475174707,NVDA_iv_surface.csv
NVDA,1/17/2025,23/01/2024,0.52,0.472284422,NVDA_iv_surface.csv
NVDA,1/17/2025,23/01/2024,0.53,0.469463882,NVDA_iv_surface.csv
NVDA,1/17/2025,23/01/2024,0.54,0.466716825,NVDA_iv_surface.csv
NVDA,1/17/2025,23/01/2024,0.55,0.464046991,NVDA_iv_surface.csv
NVDA,1/17/2025,23/01/2024,0.56,0.461459487,NVDA_iv_surface.csv
NVDA,1/17/2025,23/01/2024,0.57,0.4589594,NVDA_iv_surface.csv
NVDA,1/17/2025,23/01/2024,0.58,0.456548852,NVDA_iv_surface.csv
NVDA,1/17/2025,23/01/2024,0.59,0.454227253,NVDA_iv_surface.csv
NVDA,1/17/2025,23/01/2024,0.6,0.45199168,NVDA_iv_surface.csv
NVDA,1/17/2025,23/01/2024,0.61,0.449837392,NVDA_iv_surface.csv
NVDA,1/17/2025,23/01/2024,0.62,0.44775848,NVDA_iv_surface.csv
NVDA,1/17/2025,23/01/2024,0.63,0.44574865,NVDA_iv_surface.csv
NVDA,1/17/2025,23/01/2024,0.64,0.443802142,NVDA_iv_surface.csv
NVDA,1/17/2025,23/01/2024,0.65,0.441914775,NVDA_iv_surface.csv
NVDA,1/17/2025,23/01/2024,0.66,0.440085346,NVDA_iv_surface.csv
NVDA,1/17/2025,23/01/2024,0.67,0.438313151,NVDA_iv_surface.csv
NVDA,1/17/2025,23/01/2024,0.68,0.436595792,NVDA_iv_surface.csv
NVDA,1/17/2025,23/01/2024,0.69,0.434930621,NVDA_iv_surface.csv
NVDA,1/17/2025,23/01/2024,0.7,0.433314942,NVDA_iv_surface.csv
NVDA,1/17/2025,23/01/2024,0.71,0.43174618,NVDA_iv_surface.csv
NVDA,1/17/2025,23/01/2024,0.72,0.430222027,NVDA_iv_surface.csv
NVDA,1/17/2025,23/01/2024,0.73,0.428740546,NVDA_iv_surface.csv
NVDA,1/17/2025,23/01/2024,0.74,0.427300261,NVDA_iv_surface.csv
NVDA,1/17/2025,23/01/2024,0.75,0.425900199,NVDA_iv_surface.csv
NVDA,1/17/2025,23/01/2024,0.76,0.424540093,NVDA_iv_surface.csv
NVDA,1/17/2025,23/01/2024,0.77,0.423219634,NVDA_iv_surface.csv
NVDA,1/17/2025,23/01/2024,0.78,0.421937874,NVDA_iv_surface.csv
NVDA,1/17/2025,23/01/2024,0.79,0.420693552,NVDA_iv_surface.csv
NVDA,1/17/2025,23/01/2024,0.8,0.419485178,NVDA_iv_surface.csv
NVDA,1/17/2025,23/01/2024,0.81,0.418311124,NVDA_iv_surface.csv
NVDA,1/17/2025,23/01/2024,0.82,0.417169717,NVDA_iv_surface.csv
NVDA,1/17/2025,23/01/2024,0.83,0.416059338,NVDA_iv_surface.csv
NVDA,1/17/2025,23/01/2024,0.84,0.41497853,NVDA_iv_surface.csv
NVDA,1/17/2025,23/01/2024,0.85,0.413926104,NVDA_iv_surface.csv
NVDA,1/17/2025,23/01/2024,0.86,0.412901417,NVDA_iv_surface.csv
NVDA,1/17/2025,23/01/2024,0.87,0.411903764,NVDA_iv_surface.csv
NVDA,1/17/2025,23/01/2024,0.88,0.410931897,NVDA_iv_surface.csv
NVDA,1/17/2025,23/01/2024,0.89,0.409984407,NVDA_iv_surface.csv
NVDA,1/17/2025,23/01/2024,0.9,0.409059898,NVDA_iv_surface.csv
NVDA,1/17/2025,23/01/2024,0.91,0.408157138,NVDA_iv_surface.csv
NVDA,1/17/2025,23/01/2024,0.92,0.407275164,NVDA_iv_surface.csv
NVDA,1/17/2025,23/01/2024,0.93,0.406413377,NVDA_iv_surface.csv
NVDA,1/17/2025,23/01/2024,0.94,0.405571583,NVDA_iv_surface.csv
NVDA,1/17/2025,23/01/2024,0.95,0.404750018,NVDA_iv_surface.csv
NVDA,1/17/2025,23/01/2024,0.96,0.403949387,NVDA_iv_surface.csv
NVDA,1/17/2025,23/01/2024,0.97,0.403170485,NVDA_iv_surface.csv
NVDA,1/17/2025,23/01/2024,0.98,0.402413821,NVDA_iv_surface.csv
NVDA,1/17/2025,23/01/2024,0.99,0.40167965,NVDA_iv_surface.csv
NVDA,1/17/2025,23/01/2024,1,0.400967846,NVDA_iv_surface.csv
NVDA,1/17/2025,23/01/2024,1.01,0.400277838,NVDA_iv_surface.csv
NVDA,1/17/2025,23/01/2024,1.02,0.399608594,NVDA_iv_surface.csv
NVDA,1/17/2025,23/01/2024,1.03,0.398958659,NVDA_iv_surface.csv
NVDA,1/17/2025,23/01/2024,1.04,0.398326247,NVDA_iv_surface.csv
NVDA,1/17/2025,23/01/2024,1.05,0.397709381,NVDA_iv_surface.csv
NVDA,1/17/2025,23/01/2024,1.06,0.397106098,NVDA_iv_surface.csv
NVDA,1/17/2025,23/01/2024,1.07,0.396514355,NVDA_iv_surface.csv
NVDA,1/17/2025,23/01/2024,1.08,0.395932073,NVDA_iv_surface.csv
NVDA,1/17/2025,23/01/2024,1.09,0.395357434,NVDA_iv_surface.csv
NVDA,1/17/2025,23/01/2024,1.1,0.394789118,NVDA_iv_surface.csv
NVDA,1/17/2025,23/01/2024,1.11,0.394226457,NVDA_iv_surface.csv
NVDA,1/17/2025,23/01/2024,1.12,0.3936695,NVDA_iv_surface.csv
NVDA,1/17/2025,23/01/2024,1.13,0.393119003,NVDA_iv_surface.csv
NVDA,1/17/2025,23/01/2024,1.14,0.392576331,NVDA_iv_surface.csv
NVDA,1/17/2025,23/01/2024,1.15,0.392043285,NVDA_iv_surface.csv
NVDA,1/17/2025,23/01/2024,1.16,0.391522286,NVDA_iv_surface.csv
NVDA,1/17/2025,23/01/2024,1.17,0.391015549,NVDA_iv_surface.csv
NVDA,1/17/2025,23/01/2024,1.18,0.390524208,NVDA_iv_surface.csv
NVDA,1/17/2025,23/01/2024,1.19,0.390048541,NVDA_iv_surface.csv
NVDA,1/17/2025,23/01/2024,1.2,0.389588131,NVDA_iv_surface.csv
NVDA,1/17/2025,23/01/2024,1.21,0.389142056,NVDA_iv_surface.csv
NVDA,1/17/2025,23/01/2024,1.22,0.388709111,NVDA_iv_surface.csv
NVDA,1/17/2025,23/01/2024,1.23,0.388288063,NVDA_iv_surface.csv
NVDA,1/17/2025,23/01/2024,1.24,0.387877941,NVDA_iv_surface.csv
NVDA,1/17/2025,23/01/2024,1.25,0.387478357,NVDA_iv_surface.csv
NVDA,1/17/2025,23/01/2024,1.26,0.387090441,NVDA_iv_surface.csv
NVDA,1/17/2025,23/01/2024,1.27,0.386715198,NVDA_iv_surface.csv
NVDA,1/17/2025,23/01/2024,1.28,0.386351867,NVDA_iv_surface.csv
NVDA,1/17/2025,23/01/2024,1.29,0.385998926,NVDA_iv_surface.csv
NVDA,1/17/2025,23/01/2024,1.3,0.385654611,NVDA_iv_surface.csv
NVDA,1/17/2025,23/01/2024,1.31,0.385317372,NVDA_iv_surface.csv
NVDA,1/17/2025,23/01/2024,1.32,0.384986251,NVDA_iv_surface.csv
NVDA,1/17/2025,23/01/2024,1.33,0.384661206,NVDA_iv_surface.csv
NVDA,1/17/2025,23/01/2024,1.34,0.384343354,NVDA_iv_surface.csv
NVDA,1/17/2025,23/01/2024,1.35,0.38403515,NVDA_iv_surface.csv
NVDA,1/17/2025,23/01/2024,1.36,0.383741607,NVDA_iv_surface.csv
NVDA,1/17/2025,23/01/2024,1.37,0.383467563,NVDA_iv_surface.csv
NVDA,1/17/2025,23/01/2024,1.38,0.383214754,NVDA_iv_surface.csv
NVDA,1/17/2025,23/01/2024,1.39,0.382982944,NVDA_iv_surface.csv
NVDA,1/17/2025,23/01/2024,1.4,0.382770425,NVDA_iv_surface.csv
NVDA,1/17/2025,23/01/2024,1.41,0.382574552,NVDA_iv_surface.csv
NVDA,1/17/2025,23/01/2024,1.42,0.382392324,NVDA_iv_surface.csv
NVDA,1/17/2025,23/01/2024,1.43,0.382221007,NVDA_iv_surface.csv
NVDA,1/17/2025,23/01/2024,1.44,0.38205879,NVDA_iv_surface.csv
NVDA,1/17/2025,23/01/2024,1.45,0.381905491,NVDA_iv_surface.csv
NVDA,1/17/2025,23/01/2024,1.46,0.381763297,NVDA_iv_surface.csv
NVDA,1/17/2025,23/01/2024,1.47,0.381634757,NVDA_iv_surface.csv
NVDA,1/17/2025,23/01/2024,1.48,0.381521366,NVDA_iv_surface.csv
NVDA,1/17/2025,23/01/2024,1.49,0.381424615,NVDA_iv_surface.csv
NVDA,1/17/2025,23/01/2024,1.5,0.381346,NVDA_iv_surface.csv
NVDA,1/17/2025,19/07/2024,0.5,0.608555,NVDA_iv_surface.csv
NVDA,1/17/2025,19/07/2024,0.51,0.603062633,NVDA_iv_surface.csv
NVDA,1/17/2025,19/07/2024,0.52,0.597742456,NVDA_iv_surface.csv
NVDA,1/17/2025,19/07/2024,0.53,0.592617753,NVDA_iv_surface.csv
NVDA,1/17/2025,19/07/2024,0.54,0.587711808,NVDA_iv_surface.csv
NVDA,1/17/2025,19/07/2024,0.55,0.583047906,NVDA_iv_surface.csv
NVDA,1/17/2025,19/07/2024,0.56,0.578659856,NVDA_iv_surface.csv
NVDA,1/17/2025,19/07/2024,0.57,0.574579946,NVDA_iv_surface.csv
NVDA,1/17/2025,19/07/2024,0.58,0.570817359,NVDA_iv_surface.csv
NVDA,1/17/2025,19/07/2024,0.59,0.567362237,NVDA_iv_surface.csv
NVDA,1/17/2025,19/07/2024,0.6,0.564190219,NVDA_iv_surface.csv
NVDA,1/17/2025,19/07/2024,0.61,0.561267435,NVDA_iv_surface.csv
NVDA,1/17/2025,19/07/2024,0.62,0.558555969,NVDA_iv_surface.csv
NVDA,1/17/2025,19/07/2024,0.63,0.556019781,NVDA_iv_surface.csv
NVDA,1/17/2025,19/07/2024,0.64,0.553631098,NVDA_iv_surface.csv
NVDA,1/17/2025,19/07/2024,0.65,0.551377257,NVDA_iv_surface.csv
NVDA,1/17/2025,19/07/2024,0.66,0.549270724,NVDA_iv_surface.csv
NVDA,1/17/2025,19/07/2024,0.67,0.547327728,NVDA_iv_surface.csv
NVDA,1/17/2025,19/07/2024,0.68,0.54554875,NVDA_iv_surface.csv
NVDA,1/17/2025,19/07/2024,0.69,0.543928649,NVDA_iv_surface.csv
NVDA,1/17/2025,19/07/2024,0.7,0.542457181,NVDA_iv_surface.csv
NVDA,1/17/2025,19/07/2024,0.71,0.54111985,NVDA_iv_surface.csv
NVDA,1/17/2025,19/07/2024,0.72,0.539899126,NVDA_iv_surface.csv
NVDA,1/17/2025,19/07/2024,0.73,0.538775992,NVDA_iv_surface.csv
NVDA,1/17/2025,19/07/2024,0.74,0.537731852,NVDA_iv_surface.csv
NVDA,1/17/2025,19/07/2024,0.75,0.536750783,NVDA_iv_surface.csv
NVDA,1/17/2025,19/07/2024,0.76,0.535825161,NVDA_iv_surface.csv
NVDA,1/17/2025,19/07/2024,0.77,0.534945433,NVDA_iv_surface.csv
NVDA,1/17/2025,19/07/2024,0.78,0.534092389,NVDA_iv_surface.csv
NVDA,1/17/2025,19/07/2024,0.79,0.533245245,NVDA_iv_surface.csv
NVDA,1/17/2025,19/07/2024,0.8,0.532386375,NVDA_iv_surface.csv
NVDA,1/17/2025,19/07/2024,0.81,0.531504961,NVDA_iv_surface.csv
NVDA,1/17/2025,19/07/2024,0.82,0.530599576,NVDA_iv_surface.csv
NVDA,1/17/2025,19/07/2024,0.83,0.529679682,NVDA_iv_surface.csv
NVDA,1/17/2025,19/07/2024,0.84,0.528766064,NVDA_iv_surface.csv
NVDA,1/17/2025,19/07/2024,0.85,0.527890179,NVDA_iv_surface.csv
NVDA,1/17/2025,19/07/2024,0.86,0.527093448,NVDA_iv_surface.csv
NVDA,1/17/2025,19/07/2024,0.87,0.526420383,NVDA_iv_surface.csv
NVDA,1/17/2025,19/07/2024,0.88,0.525910157,NVDA_iv_surface.csv
NVDA,1/17/2025,19/07/2024,0.89,0.525593733,NVDA_iv_surface.csv
NVDA,1/17/2025,19/07/2024,0.9,0.525488702,NVDA_iv_surface.csv
NVDA,1/17/2025,19/07/2024,0.91,0.525596138,NVDA_iv_surface.csv
NVDA,1/17/2025,19/07/2024,0.92,0.525899472,NVDA_iv_surface.csv
NVDA,1/17/2025,19/07/2024,0.93,0.52636539,NVDA_iv_surface.csv
NVDA,1/17/2025,19/07/2024,0.94,0.526946746,NVDA_iv_surface.csv
NVDA,1/17/2025,19/07/2024,0.95,0.5275875,NVDA_iv_surface.csv
NVDA,1/17/2025,19/07/2024,0.96,0.528221222,NVDA_iv_surface.csv
NVDA,1/17/2025,19/07/2024,0.97,0.528784591,NVDA_iv_surface.csv
NVDA,1/17/2025,19/07/2024,0.98,0.529233603,NVDA_iv_surface.csv
NVDA,1/17/2025,19/07/2024,0.99,0.529543054,NVDA_iv_surface.csv
NVDA,1/17/2025,19/07/2024,1,0.529705972,NVDA_iv_surface.csv
NVDA,1/17/2025,19/07/2024,1.01,0.529731595,NVDA_iv_surface.csv
NVDA,1/17/2025,19/07/2024,1.02,0.529641898,NVDA_iv_surface.csv
NVDA,1/17/2025,19/07/2024,1.03,0.529466648,NVDA_iv_surface.csv
NVDA,1/17/2025,19/07/2024,1.04,0.529237013,NVDA_iv_surface.csv
NVDA,1/17/2025,19/07/2024,1.05,0.528977709,NVDA_iv_surface.csv
NVDA,1/17/2025,19/07/2024,1.06,0.528701323,NVDA_iv_surface.csv
NVDA,1/17/2025,19/07/2024,1.07,0.528414152,NVDA_iv_surface.csv
NVDA,1/17/2025,19/07/2024,1.08,0.528121065,NVDA_iv_surface.csv
NVDA,1/17/2025,19/07/2024,1.09,0.52782115,NVDA_iv_surface.csv
NVDA,1/17/2025,19/07/2024,1.1,0.527509982,NVDA_iv_surface.csv
NVDA,1/17/2025,19/07/2024,1.11,0.527181799,NVDA_iv_surface.csv
NVDA,1/17/2025,19/07/2024,1.12,0.526831588,NVDA_iv_surface.csv
NVDA,1/17/2025,19/07/2024,1.13,0.526457098,NVDA_iv_surface.csv
NVDA,1/17/2025,19/07/2024,1.14,0.526060752,NVDA_iv_surface.csv
NVDA,1/17/2025,19/07/2024,1.15,0.525651482,NVDA_iv_surface.csv
NVDA,1/17/2025,19/07/2024,1.16,0.525250036,NVDA_iv_surface.csv
NVDA,1/17/2025,19/07/2024,1.17,0.524877546,NVDA_iv_surface.csv
NVDA,1/17/2025,19/07/2024,1.18,0.524543627,NVDA_iv_surface.csv
NVDA,1/17/2025,19/07/2024,1.19,0.524251225,NVDA_iv_surface.csv
NVDA,1/17/2025,19/07/2024,1.2,0.523997951,NVDA_iv_surface.csv
NVDA,1/17/2025,19/07/2024,1.21,0.523777643,NVDA_iv_surface.csv
NVDA,1/17/2025,19/07/2024,1.22,0.523582153,NVDA_iv_surface.csv
NVDA,1/17/2025,19/07/2024,1.23,0.523403369,NVDA_iv_surface.csv
NVDA,1/17/2025,19/07/2024,1.24,0.523235452,NVDA_iv_surface.csv
NVDA,1/17/2025,19/07/2024,1.25,0.523077309,NVDA_iv_surface.csv
NVDA,1/17/2025,19/07/2024,1.26,0.522936041,NVDA_iv_surface.csv
NVDA,1/17/2025,19/07/2024,1.27,0.522820441,NVDA_iv_surface.csv
NVDA,1/17/2025,19/07/2024,1.28,0.522734488,NVDA_iv_surface.csv
NVDA,1/17/2025,19/07/2024,1.29,0.522680216,NVDA_iv_surface.csv
NVDA,1/17/2025,19/07/2024,1.3,0.522657526,NVDA_iv_surface.csv
NVDA,1/17/2025,19/07/2024,1.31,0.522664208,NVDA_iv_surface.csv
NVDA,1/17/2025,19/07/2024,1.32,0.522696169,NVDA_iv_surface.csv
NVDA,1/17/2025,19/07/2024,1.33,0.522747893,NVDA_iv_surface.csv
NVDA,1/17/2025,19/07/2024,1.34,0.5228131,NVDA_iv_surface.csv
NVDA,1/17/2025,19/07/2024,1.35,0.522885631,NVDA_iv_surface.csv
NVDA,1/17/2025,19/07/2024,1.36,0.522959606,NVDA_iv_surface.csv
NVDA,1/17/2025,19/07/2024,1.37,0.523029775,NVDA_iv_surface.csv
NVDA,1/17/2025,19/07/2024,1.38,0.523092423,NVDA_iv_surface.csv
NVDA,1/17/2025,19/07/2024,1.39,0.523145721,NVDA_iv_surface.csv
NVDA,1/17/2025,19/07/2024,1.4,0.52318949,NVDA_iv_surface.csv
NVDA,1/17/2025,19/07/2024,1.41,0.523224864,NVDA_iv_surface.csv
NVDA,1/17/2025,19/07/2024,1.42,0.523253852,NVDA_iv_surface.csv
NVDA,1/17/2025,19/07/2024,1.43,0.523278802,NVDA_iv_surface.csv
NVDA,1/17/2025,19/07/2024,1.44,0.523301762,NVDA_iv_surface.csv
NVDA,1/17/2025,19/07/2024,1.45,0.523323744,NVDA_iv_surface.csv
NVDA,1/17/2025,19/07/2024,1.46,0.523343883,NVDA_iv_surface.csv
NVDA,1/17/2025,19/07/2024,1.47,0.523360871,NVDA_iv_surface.csv
NVDA,1/17/2025,19/07/2024,1.48,0.523374214,NVDA_iv_surface.csv
NVDA,1/17/2025,19/07/2024,1.49,0.523383422,NVDA_iv_surface.csv
NVDA,1/17/2025,19/07/2024,1.5,0.523388,NVDA_iv_surface.csv
NVDA,1/17/2025,18/10/2024,0.5,0.730153,NVDA_iv_surface.csv
NVDA,1/17/2025,18/10/2024,0.51,0.719860822,NVDA_iv_surface.csv
NVDA,1/17/2025,18/10/2024,0.52,0.709812134,NVDA_iv_surface.csv
NVDA,1/17/2025,18/10/2024,0.53,0.700022311,NVDA_iv_surface.csv
NVDA,1/17/2025,18/10/2024,0.54,0.690506723,NVDA_iv_surface.csv
NVDA,1/17/2025,18/10/2024,0.55,0.681280744,NVDA_iv_surface.csv
NVDA,1/17/2025,18/10/2024,0.56,0.672370326,NVDA_iv_surface.csv
NVDA,1/17/2025,18/10/2024,0.57,0.663797896,NVDA_iv_surface.csv
NVDA,1/17/2025,18/10/2024,0.58,0.65556215,NVDA_iv_surface.csv
NVDA,1/17/2025,18/10/2024,0.59,0.647645333,NVDA_iv_surface.csv
NVDA,1/17/2025,18/10/2024,0.6,0.640020162,NVDA_iv_surface.csv
NVDA,1/17/2025,18/10/2024,0.61,0.632656371,NVDA_iv_surface.csv
NVDA,1/17/2025,18/10/2024,0.62,0.6255269,NVDA_iv_surface.csv
NVDA,1/17/2025,18/10/2024,0.63,0.618613707,NVDA_iv_surface.csv
NVDA,1/17/2025,18/10/2024,0.64,0.611913221,NVDA_iv_surface.csv
NVDA,1/17/2025,18/10/2024,0.65,0.605441427,NVDA_iv_surface.csv
NVDA,1/17/2025,18/10/2024,0.66,0.599251075,NVDA_iv_surface.csv
NVDA,1/17/2025,18/10/2024,0.67,0.593394586,NVDA_iv_surface.csv
NVDA,1/17/2025,18/10/2024,0.68,0.58788582,NVDA_iv_surface.csv
NVDA,1/17/2025,18/10/2024,0.69,0.582716566,NVDA_iv_surface.csv
NVDA,1/17/2025,18/10/2024,0.7,0.577862407,NVDA_iv_surface.csv
NVDA,1/17/2025,18/10/2024,0.71,0.573288954,NVDA_iv_surface.csv
NVDA,1/17/2025,18/10/2024,0.72,0.568958475,NVDA_iv_surface.csv
NVDA,1/17/2025,18/10/2024,0.73,0.564836896,NVDA_iv_surface.csv
NVDA,1/17/2025,18/10/2024,0.74,0.560901198,NVDA_iv_surface.csv
NVDA,1/17/2025,18/10/2024,0.75,0.557147184,NVDA_iv_surface.csv
NVDA,1/17/2025,18/10/2024,0.76,0.553611224,NVDA_iv_surface.csv
NVDA,1/17/2025,18/10/2024,0.77,0.550328261,NVDA_iv_surface.csv
NVDA,1/17/2025,18/10/2024,0.78,0.547290517,NVDA_iv_surface.csv
NVDA,1/17/2025,18/10/2024,0.79,0.544470208,NVDA_iv_surface.csv
NVDA,1/17/2025,18/10/2024,0.8,0.541829412,NVDA_iv_surface.csv
NVDA,1/17/2025,18/10/2024,0.81,0.539329109,NVDA_iv_surface.csv
NVDA,1/17/2025,18/10/2024,0.82,0.536937414,NVDA_iv_surface.csv
NVDA,1/17/2025,18/10/2024,0.83,0.534636985,NVDA_iv_surface.csv
NVDA,1/17/2025,18/10/2024,0.84,0.532431625,NVDA_iv_surface.csv
NVDA,1/17/2025,18/10/2024,0.85,0.530352052,NVDA_iv_surface.csv
NVDA,1/17/2025,18/10/2024,0.86,0.528477044,NVDA_iv_surface.csv
NVDA,1/17/2025,18/10/2024,0.87,0.526886732,NVDA_iv_surface.csv
NVDA,1/17/2025,18/10/2024,0.88,0.525611667,NVDA_iv_surface.csv
NVDA,1/17/2025,18/10/2024,0.89,0.524650427,NVDA_iv_surface.csv
NVDA,1/17/2025,18/10/2024,0.9,0.523974223,NVDA_iv_surface.csv
NVDA,1/17/2025,18/10/2024,0.91,0.523533036,NVDA_iv_surface.csv
NVDA,1/17/2025,18/10/2024,0.92,0.523263321,NVDA_iv_surface.csv
NVDA,1/17/2025,18/10/2024,0.93,0.523097244,NVDA_iv_surface.csv
NVDA,1/17/2025,18/10/2024,0.94,0.522973484,NVDA_iv_surface.csv
NVDA,1/17/2025,18/10/2024,0.95,0.522849569,NVDA_iv_surface.csv
NVDA,1/17/2025,18/10/2024,0.96,0.522721398,NVDA_iv_surface.csv
NVDA,1/17/2025,18/10/2024,0.97,0.522587381,NVDA_iv_surface.csv
NVDA,1/17/2025,18/10/2024,0.98,0.522418258,NVDA_iv_surface.csv
NVDA,1/17/2025,18/10/2024,0.99,0.522179949,NVDA_iv_surface.csv
NVDA,1/17/2025,18/10/2024,1,0.521840672,NVDA_iv_surface.csv
NVDA,1/17/2025,18/10/2024,1.01,0.521376651,NVDA_iv_surface.csv
NVDA,1/17/2025,18/10/2024,1.02,0.520776422,NVDA_iv_surface.csv
NVDA,1/17/2025,18/10/2024,1.03,0.520043717,NVDA_iv_surface.csv
NVDA,1/17/2025,18/10/2024,1.04,0.519198953,NVDA_iv_surface.csv
NVDA,1/17/2025,18/10/2024,1.05,0.518279299,NVDA_iv_surface.csv
NVDA,1/17/2025,18/10/2024,1.06,0.517345098,NVDA_iv_surface.csv
NVDA,1/17/2025,18/10/2024,1.07,0.516455784,NVDA_iv_surface.csv
NVDA,1/17/2025,18/10/2024,1.08,0.515646886,NVDA_iv_surface.csv
NVDA,1/17/2025,18/10/2024,1.09,0.514937525,NVDA_iv_surface.csv
NVDA,1/17/2025,18/10/2024,1.1,0.514331675,NVDA_iv_surface.csv
NVDA,1/17/2025,18/10/2024,1.11,0.513820499,NVDA_iv_surface.csv
NVDA,1/17/2025,18/10/2024,1.12,0.513385756,NVDA_iv_surface.csv
NVDA,1/17/2025,18/10/2024,1.13,0.513004296,NVDA_iv_surface.csv
NVDA,1/17/2025,18/10/2024,1.14,0.512653618,NVDA_iv_surface.csv
NVDA,1/17/2025,18/10/2024,1.15,0.512318514,NVDA_iv_surface.csv
NVDA,1/17/2025,18/10/2024,1.16,0.51199983,NVDA_iv_surface.csv
NVDA,1/17/2025,18/10/2024,1.17,0.511701716,NVDA_iv_surface.csv
NVDA,1/17/2025,18/10/2024,1.18,0.511419379,NVDA_iv_surface.csv
NVDA,1/17/2025,18/10/2024,1.19,0.511147139,NVDA_iv_surface.csv
NVDA,1/17/2025,18/10/2024,1.2,0.510879757,NVDA_iv_surface.csv
NVDA,1/17/2025,18/10/2024,1.21,0.510613501,NVDA_iv_surface.csv
NVDA,1/17/2025,18/10/2024,1.22,0.510346944,NVDA_iv_surface.csv
NVDA,1/17/2025,18/10/2024,1.23,0.510081502,NVDA_iv_surface.csv
NVDA,1/17/2025,18/10/2024,1.24,0.509821707,NVDA_iv_surface.csv
NVDA,1/17/2025,18/10/2024,1.25,0.509575212,NVDA_iv_surface.csv
NVDA,1/17/2025,18/10/2024,1.26,0.509354224,NVDA_iv_surface.csv
NVDA,1/17/2025,18/10/2024,1.27,0.509170881,NVDA_iv_surface.csv
NVDA,1/17/2025,18/10/2024,1.28,0.50903238,NVDA_iv_surface.csv
NVDA,1/17/2025,18/10/2024,1.29,0.508942235,NVDA_iv_surface.csv
NVDA,1/17/2025,18/10/2024,1.3,0.508900451,NVDA_iv_surface.csv
NVDA,1/17/2025,18/10/2024,1.31,0.508903962,NVDA_iv_surface.csv
NVDA,1/17/2025,18/10/2024,1.32,0.508947346,NVDA_iv_surface.csv
NVDA,1/17/2025,18/10/2024,1.33,0.509023802,NVDA_iv_surface.csv
NVDA,1/17/2025,18/10/2024,1.34,0.509126405,NVDA_iv_surface.csv
NVDA,1/17/2025,18/10/2024,1.35,0.509249622,NVDA_iv_surface.csv
NVDA,1/17/2025,18/10/2024,1.36,0.509387628,NVDA_iv_surface.csv
NVDA,1/17/2025,18/10/2024,1.37,0.509536725,NVDA_iv_surface.csv
NVDA,1/17/2025,18/10/2024,1.38,0.509699659,NVDA_iv_surface.csv
NVDA,1/17/2025,18/10/2024,1.39,0.509884609,NVDA_iv_surface.csv
NVDA,1/17/2025,18/10/2024,1.4,0.510102943,NVDA_iv_surface.csv
NVDA,1/17/2025,18/10/2024,1.41,0.510367069,NVDA_iv_surface.csv
NVDA,1/17/2025,18/10/2024,1.42,0.510688412,NVDA_iv_surface.csv
NVDA,1/17/2025,18/10/2024,1.43,0.511075499,NVDA_iv_surface.csv
NVDA,1/17/2025,18/10/2024,1.44,0.511532155,NVDA_iv_surface.csv
NVDA,1/17/2025,18/10/2024,1.45,0.512055815,NVDA_iv_surface.csv
NVDA,1/17/2025,18/10/2024,1.46,0.512635946,NVDA_iv_surface.csv
NVDA,1/17/2025,18/10/2024,1.47,0.513261381,NVDA_iv_surface.csv
NVDA,1/17/2025,18/10/2024,1.48,0.513924569,NVDA_iv_surface.csv
NVDA,1/17/2025,18/10/2024,1.49,0.514617959,NVDA_iv_surface.csv
NVDA,1/17/2025,18/10/2024,1.5,0.515334,NVDA_iv_surface.csv
NVDA,1/17/2025,18/12/2024,0.5,0.975536,NVDA_iv_surface.csv
NVDA,1/17/2025,18/12/2024,0.51,0.958033052,NVDA_iv_surface.csv
NVDA,1/17/2025,18/12/2024,0.52,0.940809503,NVDA_iv_surface.csv
NVDA,1/17/2025,18/12/2024,0.53,0.923874651,NVDA_iv_surface.csv
NVDA,1/17/2025,18/12/2024,0.54,0.90723779,NVDA_iv_surface.csv
NVDA,1/17/2025,18/12/2024,0.55,0.890908216,NVDA_iv_surface.csv
NVDA,1/17/2025,18/12/2024,0.56,0.874901357,NVDA_iv_surface.csv
NVDA,1/17/2025,18/12/2024,0.57,0.859230695,NVDA_iv_surface.csv
NVDA,1/17/2025,18/12/2024,0.58,0.843895978,NVDA_iv_surface.csv
NVDA,1/17/2025,18/12/2024,0.59,0.828887292,NVDA_iv_surface.csv
NVDA,1/17/2025,18/12/2024,0.6,0.814188956,NVDA_iv_surface.csv
NVDA,1/17/2025,18/12/2024,0.61,0.799783246,NVDA_iv_surface.csv
NVDA,1/17/2025,18/12/2024,0.62,0.785653947,NVDA_iv_surface.csv
NVDA,1/17/2025,18/12/2024,0.63,0.771789727,NVDA_iv_surface.csv
NVDA,1/17/2025,18/12/2024,0.64,0.758187351,NVDA_iv_surface.csv
NVDA,1/17/2025,18/12/2024,0.65,0.744854706,NVDA_iv_surface.csv
NVDA,1/17/2025,18/12/2024,0.66,0.731833387,NVDA_iv_surface.csv
NVDA,1/17/2025,18/12/2024,0.67,0.719155885,NVDA_iv_surface.csv
NVDA,1/17/2025,18/12/2024,0.68,0.706803178,NVDA_iv_surface.csv
NVDA,1/17/2025,18/12/2024,0.69,0.694730582,NVDA_iv_surface.csv
NVDA,1/17/2025,18/12/2024,0.7,0.682885011,NVDA_iv_surface.csv
NVDA,1/17/2025,18/12/2024,0.71,0.671220027,NVDA_iv_surface.csv
NVDA,1/17/2025,18/12/2024,0.72,0.659708654,NVDA_iv_surface.csv
NVDA,1/17/2025,18/12/2024,0.73,0.648353959,NVDA_iv_surface.csv
NVDA,1/17/2025,18/12/2024,0.74,0.637197415,NVDA_iv_surface.csv
NVDA,1/17/2025,18/12/2024,0.75,0.626325029,NVDA_iv_surface.csv
NVDA,1/17/2025,18/12/2024,0.76,0.615909867,NVDA_iv_surface.csv
NVDA,1/17/2025,18/12/2024,0.77,0.60611789,NVDA_iv_surface.csv
NVDA,1/17/2025,18/12/2024,0.78,0.597007407,NVDA_iv_surface.csv
NVDA,1/17/2025,18/12/2024,0.79,0.588569253,NVDA_iv_surface.csv
NVDA,1/17/2025,18/12/2024,0.8,0.580745537,NVDA_iv_surface.csv
NVDA,1/17/2025,18/12/2024,0.81,0.57344934,NVDA_iv_surface.csv
NVDA,1/17/2025,18/12/2024,0.82,0.566585373,NVDA_iv_surface.csv
NVDA,1/17/2025,18/12/2024,0.83,0.560071597,NVDA_iv_surface.csv
NVDA,1/17/2025,18/12/2024,0.84,0.553861799,NVDA_iv_surface.csv
NVDA,1/17/2025,18/12/2024,0.85,0.547969122,NVDA_iv_surface.csv
NVDA,1/17/2025,18/12/2024,0.86,0.542524034,NVDA_iv_surface.csv
NVDA,1/17/2025,18/12/2024,0.87,0.537661606,NVDA_iv_surface.csv
NVDA,1/17/2025,18/12/2024,0.88,0.53340538,NVDA_iv_surface.csv
NVDA,1/17/2025,18/12/2024,0.89,0.529721355,NVDA_iv_surface.csv
NVDA,1/17/2025,18/12/2024,0.9,0.526535037,NVDA_iv_surface.csv
NVDA,1/17/2025,18/12/2024,0.91,0.523749038,NVDA_iv_surface.csv
NVDA,1/17/2025,18/12/2024,0.92,0.521261224,NVDA_iv_surface.csv
NVDA,1/17/2025,18/12/2024,0.93,0.518983393,NVDA_iv_surface.csv
NVDA,1/17/2025,18/12/2024,0.94,0.516860513,NVDA_iv_surface.csv
NVDA,1/17/2025,18/12/2024,0.95,0.51489049,NVDA_iv_surface.csv
NVDA,1/17/2025,18/12/2024,0.96,0.513165448,NVDA_iv_surface.csv
NVDA,1/17/2025,18/12/2024,0.97,0.511784478,NVDA_iv_surface.csv
NVDA,1/17/2025,18/12/2024,0.98,0.510767947,NVDA_iv_surface.csv
NVDA,1/17/2025,18/12/2024,0.99,0.510097658,NVDA_iv_surface.csv
NVDA,1/17/2025,18/12/2024,1,0.509725312,NVDA_iv_surface.csv
NVDA,1/17/2025,18/12/2024,1.01,0.509582091,NVDA_iv_surface.csv
NVDA,1/17/2025,18/12/2024,1.02,0.50958937,NVDA_iv_surface.csv
NVDA,1/17/2025,18/12/2024,1.03,0.509670543,NVDA_iv_surface.csv
NVDA,1/17/2025,18/12/2024,1.04,0.509763983,NVDA_iv_surface.csv
NVDA,1/17/2025,18/12/2024,1.05,0.509837118,NVDA_iv_surface.csv
NVDA,1/17/2025,18/12/2024,1.06,0.509889247,NVDA_iv_surface.csv
NVDA,1/17/2025,18/12/2024,1.07,0.509932127,NVDA_iv_surface.csv
NVDA,1/17/2025,18/12/2024,1.08,0.509985866,NVDA_iv_surface.csv
NVDA,1/17/2025,18/12/2024,1.09,0.510088839,NVDA_iv_surface.csv
NVDA,1/17/2025,18/12/2024,1.1,0.510288721,NVDA_iv_surface.csv
NVDA,1/17/2025,18/12/2024,1.11,0.510634267,NVDA_iv_surface.csv
NVDA,1/17/2025,18/12/2024,1.12,0.511167808,NVDA_iv_surface.csv
NVDA,1/17/2025,18/12/2024,1.13,0.511918502,NVDA_iv_surface.csv
NVDA,1/17/2025,18/12/2024,1.14,0.512896308,NVDA_iv_surface.csv
NVDA,1/17/2025,18/12/2024,1.15,0.514086697,NVDA_iv_surface.csv
NVDA,1/17/2025,18/12/2024,1.16,0.515428134,NVDA_iv_surface.csv
NVDA,1/17/2025,18/12/2024,1.17,0.516862982,NVDA_iv_surface.csv
NVDA,1/17/2025,18/12/2024,1.18,0.518387023,NVDA_iv_surface.csv
NVDA,1/17/2025,18/12/2024,1.19,0.520024689,NVDA_iv_surface.csv
NVDA,1/17/2025,18/12/2024,1.2,0.521817949,NVDA_iv_surface.csv
NVDA,1/17/2025,18/12/2024,1.21,0.523815605,NVDA_iv_surface.csv
NVDA,1/17/2025,18/12/2024,1.22,0.526062976,NVDA_iv_surface.csv
NVDA,1/17/2025,18/12/2024,1.23,0.52859199,NVDA_iv_surface.csv
NVDA,1/17/2025,18/12/2024,1.24,0.531411667,NVDA_iv_surface.csv
NVDA,1/17/2025,18/12/2024,1.25,0.534499005,NVDA_iv_surface.csv
NVDA,1/17/2025,18/12/2024,1.26,0.537775593,NVDA_iv_surface.csv
NVDA,1/17/2025,18/12/2024,1.27,0.541162655,NVDA_iv_surface.csv
NVDA,1/17/2025,18/12/2024,1.28,0.544632366,NVDA_iv_surface.csv
NVDA,1/17/2025,18/12/2024,1.29,0.548181858,NVDA_iv_surface.csv
NVDA,1/17/2025,18/12/2024,1.3,0.551825513,NVDA_iv_surface.csv
NVDA,1/17/2025,18/12/2024,1.31,0.555587103,NVDA_iv_surface.csv
NVDA,1/17/2025,18/12/2024,1.32,0.55949177,NVDA_iv_surface.csv
NVDA,1/17/2025,18/12/2024,1.33,0.563557847,NVDA_iv_surface.csv
NVDA,1/17/2025,18/12/2024,1.34,0.567788528,NVDA_iv_surface.csv
NVDA,1/17/2025,18/12/2024,1.35,0.572163376,NVDA_iv_surface.csv
NVDA,1/17/2025,18/12/2024,1.36,0.576623173,NVDA_iv_surface.csv
NVDA,1/17/2025,18/12/2024,1.37,0.581103969,NVDA_iv_surface.csv
NVDA,1/17/2025,18/12/2024,1.38,0.585570158,NVDA_iv_surface.csv
NVDA,1/17/2025,18/12/2024,1.39,0.590000152,NVDA_iv_surface.csv
NVDA,1/17/2025,18/12/2024,1.4,0.59438556,NVDA_iv_surface.csv
NVDA,1/17/2025,18/12/2024,1.41,0.598729376,NVDA_iv_surface.csv
NVDA,1/17/2025,18/12/2024,1.42,0.603043187,NVDA_iv_surface.csv
NVDA,1/17/2025,18/12/2024,1.43,0.607343399,NVDA_iv_surface.csv
NVDA,1/17/2025,18/12/2024,1.44,0.611646472,NVDA_iv_surface.csv
NVDA,1/17/2025,18/12/2024,1.45,0.615963179,NVDA_iv_surface.csv
NVDA,1/17/2025,18/12/2024,1.46,0.620291873,NVDA_iv_surface.csv
NVDA,1/17/2025,18/12/2024,1.47,0.624627218,NVDA_iv_surface.csv
NVDA,1/17/2025,18/12/2024,1.48,0.628969198,NVDA_iv_surface.csv
NVDA,1/17/2025,18/12/2024,1.49,0.633317797,NVDA_iv_surface.csv
NVDA,1/17/2025,18/12/2024,1.5,0.637673,NVDA_iv_surface.csv
